zone_residence,zone_workplace,mode,residence,workplace,number,distance,time
bridgwater,other,driving,E02006068,E02006070,145,1649,263
bridgwater,other,passenger,E02006068,E02006070,22,1649,263
bridgwater,other,driving,E02006069,E02006067,81,7658,778
bridgwater,other,passenger,E02006069,E02006067,15,7658,778
bridgwater,other,taxi,E02006073,E02006071,1,3586,464
bridgwater,other,driving,E02006073,E02006071,36,3586,464
bridgwater,other,passenger,E02006073,E02006071,5,3586,464
bridgwater,other,driving,E02006068,E02006066,32,8251,1209
bridgwater,other,passenger,E02006068,E02006066,7,8251,1209
bridgwater,other,taxi,E02006069,E02006070,1,3218,549
bridgwater,other,driving,E02006069,E02006070,219,3218,549
bridgwater,other,passenger,E02006069,E02006070,46,3218,549
bridgwater,taunton,driving,E02006068,E02006104,39,18107,1298
bridgwater,taunton,passenger,E02006068,E02006104,3,18107,1298
bridgwater,taunton,driving,E02006073,E02006108,59,18996,1407
bridgwater,taunton,passenger,E02006073,E02006108,7,18996,1407
bridgwater,other,driving,E02006073,E02006074,144,3973,469
bridgwater,other,passenger,E02006073,E02006074,12,3973,469
bridgwater,other,driving,E02006069,E02006071,76,2586,348
bridgwater,other,passenger,E02006069,E02006071,11,2586,348
bridgwater,other,driving,E02006073,E02006066,50,10860,1600
bridgwater,other,passenger,E02006073,E02006066,4,10860,1600
bridgwater,other,driving,E02006073,E02006070,112,3917,607
bridgwater,other,passenger,E02006073,E02006070,18,3917,607
bridgwater,other,driving,E02006068,E02006071,28,4835,540
bridgwater,other,driving,E02006069,E02006074,183,5482,725
bridgwater,other,passenger,E02006069,E02006074,25,5482,725
bridgwater,taunton,driving,E02006069,E02006108,101,20505,1662
bridgwater,taunton,passenger,E02006069,E02006108,6,20505,1662
bridgwater,highbridge_and_burnham,driving,E02006068,E02006065,65,12354,1031
bridgwater,highbridge_and_burnham,passenger,E02006068,E02006065,7,12354,1031
bridgwater,other,driving,E02006069,E02006066,51,9489,1423
bridgwater,other,passenger,E02006069,E02006066,6,9489,1423
bridgwater,other,driving,E02006069,E02006116,83,24938,2068
bridgwater,other,passenger,E02006069,E02006116,7,24938,2068
bridgwater,highbridge_and_burnham,driving,E02006073,E02006065,47,22038,1214
bridgwater,highbridge_and_burnham,passenger,E02006073,E02006065,10,22038,1214
bridgwater,taunton,driving,E02006073,E02006104,32,15486,966
bridgwater,taunton,passenger,E02006073,E02006104,2,15486,966
bridgwater,other,driving,E02006073,E02006067,38,8698,872
bridgwater,other,passenger,E02006073,E02006067,5,8698,872
bridgwater,other,driving,E02006073,E02006116,41,25979,2162
bridgwater,other,passenger,E02006073,E02006116,6,25979,2162
bridgwater,other,driving,E02006068,E02006067,38,10646,1019
bridgwater,other,passenger,E02006068,E02006067,3,10646,1019
bridgwater,taunton,driving,E02006068,E02006108,51,21617,1738
bridgwater,taunton,passenger,E02006068,E02006108,6,21617,1738
bridgwater,taunton,driving,E02006069,E02006104,62,16995,1221
bridgwater,taunton,passenger,E02006069,E02006104,7,16995,1221
bridgwater,highbridge_and_burnham,driving,E02006069,E02006065,69,12659,1139
bridgwater,highbridge_and_burnham,passenger,E02006069,E02006065,24,12659,1139
bridgwater,other,taxi,E02006068,E02006074,1,6594,801
bridgwater,other,driving,E02006068,E02006074,128,6594,801
bridgwater,other,passenger,E02006068,E02006074,15,6594,801
bridgwater,other,driving,E02006068,E02006116,40,27927,2309
bridgwater,other,passenger,E02006068,E02006116,4,27927,2309
bridgwater,other,bicycle,E02006068,E02006070,36,1118,199
bridgwater,other,bicycle,E02006069,E02006070,67,3006,563
bridgwater,other,bicycle,E02006073,E02006074,50,4361,881
bridgwater,other,bicycle,E02006069,E02006074,56,6370,1328
bridgwater,other,bicycle,E02006073,E02006070,27,3489,676
bridgwater,other,bicycle,E02006068,E02006074,53,7281,1501
bristol,other,bus,E02003014,E02003106,5,18635,4138
bristol,other,bus,E02003023,E02003106,11,4288,1711
bristol,other,bus,E02003021,E02003106,35,5809,1977
bristol,other,bus,E02003019,E02003077,1,27564,6190
bristol,other,bus,E02003025,E02003106,10,5302,2336
bristol,other,bus,E02003014,E02003077,1,29795,6820
bristol,other,bus,E02003013,E02003106,24,16923,3660
bristol,other,bus,E02003017,E02003094,11,13135,3898
bristol,other,bus,E02003018,E02003094,20,19766,4257
bristol,other,bus,E02003017,E02003106,9,16959,3763
bristol,other,bus,E02003016,E02003106,30,4000,1538
bristol,other,bus,E02003026,E02003094,7,18646,4778
bristol,other,bus,E02003022,E02003094,5,17027,4939
bristol,other,bus,E02003012,E02003094,77,6834,4973
bristol,other,bus,E02003014,E02003094,61,15231,3553
bristol,other,bus,E02003020,E02003106,8,17179,3954
bristol,other,bus,E02003012,E02003106,3,14744,3489
bristol,other,bus,E02003020,E02003094,10,12555,3349
bristol,other,bus,E02003018,E02003106,3,18311,3162
bristol,other,bus,E02003022,E02003106,5,7197,3320
bristol,other,bus,E02003019,E02003094,36,17547,4115
bristol,other,bus,E02003027,E02003106,55,6772,2376
bristol,other,bus,E02003015,E02003094,19,15324,4049
bristol,other,bus,E02003016,E02003077,3,24210,6735
bristol,other,bus,E02003019,E02003106,4,20892,3599
bristol,other,bus,E02003024,E02003094,9,20959,5914
bristol,other,bus,E02003016,E02003094,35,14778,3811
bristol,other,bus,E02003012,E02003077,2,25784,7862
bristol,other,bus,E02003024,E02003106,29,5737,2917
bristol,other,bus,E02003023,E02003094,5,19355,4666
bristol,other,bus,E02003021,E02003094,35,15506,3923
bristol,other,bus,E02003015,E02003106,22,5791,3296
bristol,other,bus,E02003025,E02003077,1,27182,7742
bristol,other,bus,E02003024,E02003077,3,25921,8390
bristol,other,bus,E02003027,E02003077,1,19942,6464
bristol,other,bus,E02003025,E02003094,13,18506,5896
bristol,other,bus,E02003026,E02003106,3,15677,3174
bristol,other,bus,E02003013,E02003094,61,9013,5144
bristol,other,bus,E02003027,E02003094,28,16318,3999
bristol,other,bus,E02003015,E02003077,1,24000,6710
bristol,other,driving,E02003037,E02003107,48,7593,1198
bristol,other,passenger,E02003037,E02003107,1,7593,1198
bristol,other,driving,E02003036,E02003108,7,16020,1555
bristol,other,passenger,E02003036,E02003108,1,16020,1555
bristol,other,taxi,E02003034,E02003108,1,14455,1228
bristol,other,driving,E02003034,E02003108,27,14455,1228
bristol,other,passenger,E02003034,E02003108,3,14455,1228
bristol,other,driving,E02003034,E02003106,77,7643,634
bristol,other,passenger,E02003034,E02003106,4,7643,634
bristol,other,driving,E02003036,E02003094,17,12360,1369
bristol,other,driving,E02003037,E02003100,59,10377,1311
bristol,other,passenger,E02003037,E02003100,5,10377,1311
bristol,other,driving,E02003036,E02003107,36,6038,1113
bristol,other,passenger,E02003036,E02003107,2,6038,1113
bristol,other,driving,E02003037,E02003068,28,7576,897
bristol,other,driving,E02003036,E02003068,7,8947,1112
bristol,other,driving,E02003037,E02003108,5,17910,1767
bristol,other,driving,E02003037,E02003098,34,14798,1474
bristol,other,passenger,E02003037,E02003098,1,14798,1474
bristol,other,driving,E02003034,E02003098,17,11343,935
bristol,other,passenger,E02003034,E02003098,2,11343,935
bristol,other,driving,E02003034,E02003107,49,9472,847
bristol,other,passenger,E02003034,E02003107,2,9472,847
bristol,other,driving,E02003036,E02003098,20,12908,1262
bristol,other,driving,E02003037,E02003094,32,11843,1342
bristol,other,passenger,E02003037,E02003094,1,11843,1342
bristol,other,driving,E02003034,E02003100,46,15987,1040
bristol,other,passenger,E02003034,E02003100,5,15987,1040
bristol,other,driving,E02003033,E02003108,13,17248,1647
bristol,other,driving,E02003037,E02003106,111,11098,1173
bristol,other,passenger,E02003037,E02003106,3,11098,1173
bristol,other,driving,E02003034,E02003094,11,20667,1253
bristol,other,passenger,E02003034,E02003094,2,20667,1253
bristol,other,driving,E02003034,E02003068,14,10477,1432
bristol,other,driving,E02003036,E02003106,83,9208,961
bristol,other,passenger,E02003036,E02003106,3,9208,961
bristol,other,driving,E02003033,E02003098,15,14136,1354
bristol,other,driving,E02003033,E02003107,28,6973,1076
bristol,other,passenger,E02003033,E02003107,4,6973,1076
bristol,other,driving,E02003033,E02003068,16,8781,1092
bristol,other,taxi,E02003033,E02003100,1,9564,1266
bristol,other,driving,E02003033,E02003100,51,9564,1266
bristol,other,passenger,E02003033,E02003100,1,9564,1266
bristol,other,driving,E02003033,E02003106,121,10435,1053
bristol,other,passenger,E02003033,E02003106,2,10435,1053
bristol,other,taxi,E02003033,E02003094,1,11652,1293
bristol,other,driving,E02003033,E02003094,20,11652,1293
bristol,other,taxi,E02003032,E02003106,1,6552,871
bristol,other,driving,E02003032,E02003106,126,6552,871
bristol,other,passenger,E02003032,E02003106,17,6552,871
bristol,other,driving,E02003032,E02003108,51,10831,1131
bristol,other,passenger,E02003032,E02003108,8,10831,1131
bristol,other,taxi,E02003031,E02003106,1,9054,918
bristol,other,driving,E02003031,E02003106,130,9054,918
bristol,other,passenger,E02003031,E02003106,9,9054,918
bristol,other,driving,E02003032,E02003098,45,10252,1172
bristol,other,passenger,E02003032,E02003098,2,10252,1172
bristol,other,driving,E02003030,E02003107,36,8662,835
bristol,other,driving,E02003030,E02003106,140,6833,622
bristol,other,passenger,E02003030,E02003106,14,6833,622
bristol,other,driving,E02003031,E02003107,35,6219,966
bristol,other,driving,E02003032,E02003094,25,21733,1524
bristol,other,passenger,E02003032,E02003094,1,21733,1524
bristol,other,driving,E02003031,E02003098,28,12754,1220
bristol,other,driving,E02003030,E02003100,53,15178,1028
bristol,other,passenger,E02003030,E02003100,2,15178,1028
bristol,other,driving,E02003029,E02003106,109,5823,779
bristol,other,passenger,E02003029,E02003106,18,5823,779
bristol,other,driving,E02003030,E02003108,28,13646,1216
bristol,other,passenger,E02003030,E02003108,4,13646,1216
bristol,other,driving,E02003031,E02003100,63,9091,1196
bristol,other,passenger,E02003031,E02003100,3,9091,1196
bristol,other,taxi,E02003032,E02003107,1,7406,986
bristol,other,driving,E02003032,E02003107,37,7406,986
bristol,other,passenger,E02003032,E02003107,2,7406,986
bristol,other,driving,E02003029,E02003108,40,9854,984
bristol,other,passenger,E02003029,E02003108,8,9854,984
bristol,other,driving,E02003030,E02003068,12,28041,1551
bristol,other,driving,E02003031,E02003068,21,9722,1257
bristol,other,passenger,E02003031,E02003068,1,9722,1257
bristol,other,driving,E02003029,E02003107,29,7652,992
bristol,other,passenger,E02003029,E02003107,2,7652,992
bristol,other,driving,E02003030,E02003098,26,10533,923
bristol,other,passenger,E02003030,E02003098,2,10533,923
bristol,other,driving,E02003030,E02003094,20,19858,1241
bristol,other,passenger,E02003030,E02003094,1,19858,1241
bristol,other,driving,E02003032,E02003068,6,29916,1834
bristol,other,driving,E02003029,E02003098,34,9523,1080
bristol,other,passenger,E02003029,E02003098,1,9523,1080
bristol,other,driving,E02003031,E02003094,27,11871,1359
bristol,other,passenger,E02003031,E02003094,4,11871,1359
bristol,other,driving,E02003031,E02003108,18,15866,1512
bristol,other,passenger,E02003031,E02003108,1,15866,1512
bristol,other,driving,E02003029,E02003094,24,18882,1451
bristol,other,driving,E02003028,E02003068,9,9457,1105
bristol,other,passenger,E02003028,E02003068,1,9457,1105
bristol,other,driving,E02003028,E02003098,26,10614,1218
bristol,other,passenger,E02003028,E02003098,1,10614,1218
bristol,other,driving,E02003028,E02003106,132,7384,1026
bristol,other,passenger,E02003028,E02003106,2,7384,1026
bristol,other,driving,E02003032,E02003100,47,11505,1346
bristol,other,passenger,E02003032,E02003100,4,11505,1346
bristol,other,driving,E02003027,E02003107,50,4015,684
bristol,other,passenger,E02003027,E02003107,4,4015,684
bristol,other,driving,E02003028,E02003107,41,5442,823
bristol,other,driving,E02003027,E02003100,77,7045,919
bristol,other,passenger,E02003027,E02003100,4,7045,919
bristol,other,driving,E02003027,E02003108,35,14912,1460
bristol,other,driving,E02003028,E02003094,26,10461,1137
bristol,other,passenger,E02003028,E02003094,1,10461,1137
bristol,other,driving,E02003028,E02003108,9,17176,1695
bristol,other,driving,E02003027,E02003094,54,11569,1335
bristol,other,passenger,E02003027,E02003094,3,11569,1335
bristol,other,driving,E02003029,E02003068,7,27065,1761
bristol,other,driving,E02003036,E02003100,31,9068,1348
bristol,other,passenger,E02003036,E02003100,1,9068,1348
bristol,other,driving,E02003026,E02003108,14,17174,1911
bristol,other,taxi,E02003025,E02003106,1,7669,748
bristol,other,driving,E02003025,E02003106,78,7669,748
bristol,other,passenger,E02003025,E02003106,8,7669,748
bristol,other,taxi,E02003027,E02003106,1,5771,898
bristol,other,driving,E02003027,E02003106,174,5771,898
bristol,other,passenger,E02003027,E02003106,13,5771,898
bristol,other,driving,E02003029,E02003100,33,14201,1238
bristol,other,passenger,E02003029,E02003100,1,14201,1238
bristol,other,driving,E02003028,E02003100,68,8033,1013
bristol,other,passenger,E02003028,E02003100,2,8033,1013
bristol,other,driving,E02003026,E02003106,104,8613,1158
bristol,other,passenger,E02003026,E02003106,1,8613,1158
bristol,other,driving,E02003026,E02003098,21,12654,1248
bristol,other,driving,E02003027,E02003068,24,10699,1454
bristol,other,passenger,E02003027,E02003068,1,10699,1454
bristol,other,driving,E02003026,E02003094,35,9889,1101
bristol,other,passenger,E02003026,E02003094,2,9889,1101
bristol,other,driving,E02003025,E02003108,23,14481,1342
bristol,other,passenger,E02003025,E02003108,1,14481,1342
bristol,other,driving,E02003025,E02003068,11,28876,1677
bristol,other,passenger,E02003025,E02003068,3,28876,1677
bristol,other,driving,E02003025,E02003098,35,11369,1049
bristol,other,passenger,E02003025,E02003098,8,11369,1049
bristol,other,driving,E02003024,E02003107,38,6530,849
bristol,other,passenger,E02003024,E02003107,3,6530,849
bristol,other,taxi,E02003024,E02003106,1,5670,728
bristol,other,driving,E02003024,E02003106,176,5670,728
bristol,other,passenger,E02003024,E02003106,25,5670,728
bristol,other,driving,E02003026,E02003107,23,7175,1043
bristol,other,driving,E02003026,E02003100,43,9262,1146
bristol,other,driving,E02003024,E02003100,49,10630,1209
bristol,other,passenger,E02003024,E02003100,3,10630,1209
bristol,other,driving,E02003025,E02003107,48,4034,637
bristol,other,passenger,E02003025,E02003107,5,4034,637
bristol,other,taxi,E02003023,E02003094,1,18009,1370
bristol,other,driving,E02003023,E02003094,30,18009,1370
bristol,other,passenger,E02003023,E02003094,5,18009,1370
bristol,other,driving,E02003024,E02003108,41,8622,1042
bristol,other,passenger,E02003024,E02003108,7,8622,1042
bristol,other,driving,E02003026,E02003068,25,10403,1215
bristol,other,taxi,E02003023,E02003100,1,8757,1021
bristol,other,driving,E02003023,E02003100,34,8757,1021
bristol,other,driving,E02003025,E02003100,45,7524,1002
bristol,other,passenger,E02003025,E02003100,4,7524,1002
bristol,other,driving,E02003024,E02003094,47,18728,1400
bristol,other,passenger,E02003024,E02003094,4,18728,1400
bristol,other,driving,E02003021,E02003107,48,3054,489
bristol,other,passenger,E02003021,E02003107,6,3054,489
bristol,other,driving,E02003027,E02003098,51,9626,1124
bristol,other,passenger,E02003027,E02003098,3,9626,1124
bristol,other,driving,E02003023,E02003098,26,7504,847
bristol,other,passenger,E02003023,E02003098,1,7504,847
bristol,other,taxi,E02003023,E02003106,1,3804,546
bristol,other,driving,E02003023,E02003106,136,3804,546
bristol,other,passenger,E02003023,E02003106,20,3804,546
bristol,other,driving,E02003024,E02003068,6,26912,1710
bristol,other,passenger,E02003024,E02003068,1,26912,1710
bristol,other,driving,E02003022,E02003106,91,6873,912
bristol,other,passenger,E02003022,E02003106,1,6873,912
bristol,other,driving,E02003022,E02003068,10,11086,1324
bristol,other,passenger,E02003022,E02003068,1,11086,1324
bristol,other,driving,E02003021,E02003100,51,6486,836
bristol,other,passenger,E02003021,E02003100,3,6486,836
bristol,other,driving,E02003023,E02003108,28,11763,1288
bristol,other,passenger,E02003023,E02003108,5,11763,1288
bristol,other,driving,E02003024,E02003098,50,9370,1029
bristol,other,passenger,E02003024,E02003098,3,9370,1029
bristol,other,driving,E02003021,E02003068,19,11935,1536
bristol,other,driving,E02003022,E02003107,32,5435,798
bristol,other,passenger,E02003022,E02003107,2,5435,798
bristol,other,driving,E02003021,E02003094,41,11010,1252
bristol,other,passenger,E02003021,E02003094,5,11010,1252
bristol,other,driving,E02003021,E02003098,42,7555,963
bristol,other,passenger,E02003021,E02003098,3,7555,963
bristol,other,driving,E02003023,E02003068,6,26192,1680
bristol,other,driving,E02003022,E02003098,19,10103,1106
bristol,other,taxi,E02003021,E02003106,1,4810,703
bristol,other,driving,E02003021,E02003106,111,4810,703
bristol,other,passenger,E02003021,E02003106,3,4810,703
bristol,other,driving,E02003022,E02003100,42,7522,901
bristol,other,driving,E02003023,E02003107,34,4657,661
bristol,other,passenger,E02003023,E02003107,3,4657,661
bristol,other,driving,E02003020,E02003106,97,8116,1081
bristol,other,passenger,E02003020,E02003106,2,8116,1081
bristol,other,taxi,E02003020,E02003094,2,8804,953
bristol,other,driving,E02003020,E02003094,51,8804,953
bristol,other,passenger,E02003020,E02003094,3,8804,953
bristol,other,taxi,E02003021,E02003108,1,14838,1403
bristol,other,driving,E02003021,E02003108,14,14838,1403
bristol,other,driving,E02003025,E02003094,55,12048,1418
bristol,other,passenger,E02003025,E02003094,9,12048,1418
bristol,other,driving,E02003022,E02003094,25,9734,1080
bristol,other,passenger,E02003022,E02003094,1,9734,1080
bristol,other,driving,E02003019,E02003098,20,14600,930
bristol,other,passenger,E02003019,E02003098,1,14600,930
bristol,other,driving,E02003019,E02003107,38,10462,1327
bristol,other,passenger,E02003019,E02003107,3,10462,1327
bristol,other,driving,E02003020,E02003107,32,6678,967
bristol,other,driving,E02003019,E02003100,62,14833,966
bristol,other,passenger,E02003019,E02003100,1,14833,966
bristol,other,driving,E02003019,E02003094,163,11856,825
bristol,other,passenger,E02003019,E02003094,20,11856,825
bristol,other,taxi,E02003019,E02003106,1,20950,1205
bristol,other,driving,E02003019,E02003106,58,20950,1205
bristol,other,passenger,E02003019,E02003106,3,20950,1205
bristol,other,driving,E02003022,E02003108,14,15434,1665
bristol,other,driving,E02003019,E02003108,13,27295,1731
bristol,other,passenger,E02003019,E02003108,3,27295,1731
bristol,other,driving,E02003020,E02003108,7,16677,1834
bristol,other,driving,E02003019,E02003068,78,9525,800
bristol,other,passenger,E02003019,E02003068,5,9525,800
bristol,other,driving,E02003020,E02003068,19,11413,1339
bristol,other,driving,E02003020,E02003100,45,9005,1055
bristol,other,passenger,E02003020,E02003100,1,9005,1055
bristol,other,driving,E02003020,E02003098,26,11569,1101
bristol,other,driving,E02003018,E02003098,19,12660,1127
bristol,other,driving,E02003018,E02003068,30,12247,1014
bristol,other,passenger,E02003018,E02003068,6,12247,1014
bristol,other,driving,E02003018,E02003106,53,9207,1108
bristol,other,passenger,E02003018,E02003106,1,9207,1108
bristol,other,driving,E02003018,E02003108,7,17768,1861
bristol,other,driving,E02003017,E02003108,25,14874,1564
bristol,other,passenger,E02003017,E02003108,1,14874,1564
bristol,other,driving,E02003018,E02003094,74,9895,980
bristol,other,passenger,E02003018,E02003094,14,9895,980
bristol,other,driving,E02003018,E02003107,23,7769,994
bristol,other,passenger,E02003018,E02003107,2,7769,994
bristol,other,driving,E02003018,E02003100,35,10096,1082
bristol,other,passenger,E02003018,E02003100,2,10096,1082
bristol,other,taxi,E02003016,E02003107,1,1903,288
bristol,other,driving,E02003016,E02003107,68,1903,288
bristol,other,passenger,E02003016,E02003107,9,1903,288
bristol,other,taxi,E02003017,E02003106,1,6313,811
bristol,other,driving,E02003017,E02003106,97,6313,811
bristol,other,passenger,E02003017,E02003106,1,6313,811
bristol,other,driving,E02003017,E02003068,9,11081,1276
bristol,other,driving,E02003016,E02003106,115,3660,503
bristol,other,passenger,E02003016,E02003106,10,3660,503
bristol,other,taxi,E02003016,E02003100,1,5508,656
bristol,other,driving,E02003016,E02003100,64,5508,656
bristol,other,passenger,E02003016,E02003100,4,5508,656
bristol,other,driving,E02003017,E02003107,44,4875,697
bristol,other,passenger,E02003017,E02003107,1,4875,697
bristol,other,driving,E02003017,E02003098,24,9543,1005
bristol,other,passenger,E02003017,E02003098,1,9543,1005
bristol,other,driving,E02003016,E02003094,60,10032,1070
bristol,other,passenger,E02003016,E02003094,14,10032,1070
bristol,other,driving,E02003016,E02003098,52,6405,763
bristol,other,passenger,E02003016,E02003098,8,6405,763
bristol,other,driving,E02003017,E02003094,42,8328,881
bristol,other,passenger,E02003017,E02003094,6,8328,881
bristol,other,driving,E02003013,E02003107,102,3823,554
bristol,other,passenger,E02003013,E02003107,10,3823,554
bristol,other,taxi,E02003013,E02003094,1,8382,811
bristol,other,driving,E02003013,E02003094,206,8382,811
bristol,other,passenger,E02003013,E02003094,33,8382,811
bristol,other,driving,E02003016,E02003068,14,18222,1444
bristol,other,passenger,E02003016,E02003068,1,18222,1444
bristol,other,driving,E02003017,E02003100,43,6962,800
bristol,other,driving,E02003016,E02003108,24,12220,1256
bristol,other,passenger,E02003016,E02003108,2,12220,1256
bristol,other,driving,E02003013,E02003100,93,5910,657
bristol,other,passenger,E02003013,E02003100,12,5910,657
bristol,other,driving,E02003015,E02003100,52,6043,742
bristol,other,passenger,E02003015,E02003100,5,6043,742
bristol,other,driving,E02003015,E02003098,32,8624,947
bristol,other,passenger,E02003015,E02003098,3,8624,947
bristol,other,driving,E02003012,E02003094,236,6206,619
bristol,other,passenger,E02003012,E02003094,30,6206,619
bristol,other,driving,E02003015,E02003107,49,3463,594
bristol,other,passenger,E02003015,E02003107,5,3463,594
bristol,other,driving,E02003015,E02003106,73,5394,753
bristol,other,passenger,E02003015,E02003106,9,5394,753
bristol,other,taxi,E02003014,E02003100,1,9369,1106
bristol,other,driving,E02003014,E02003100,34,9369,1106
bristol,other,passenger,E02003014,E02003100,10,9369,1106
bristol,other,driving,E02003014,E02003107,33,9762,1260
bristol,other,passenger,E02003014,E02003107,2,9762,1260
bristol,other,driving,E02003015,E02003108,13,13955,1506
bristol,other,passenger,E02003015,E02003108,1,13955,1506
bristol,other,driving,E02003012,E02003108,20,15646,1637
bristol,other,driving,E02003012,E02003106,119,7085,884
bristol,other,passenger,E02003012,E02003106,7,7085,884
bristol,other,driving,E02003013,E02003098,57,8491,862
bristol,other,passenger,E02003013,E02003098,3,8491,862
bristol,other,driving,E02003014,E02003068,36,10562,946
bristol,other,passenger,E02003014,E02003068,1,10562,946
bristol,other,taxi,E02003014,E02003106,1,11199,1374
bristol,other,driving,E02003014,E02003106,36,11199,1374
bristol,other,passenger,E02003014,E02003106,2,11199,1374
bristol,other,driving,E02003015,E02003068,11,17741,1418
bristol,other,driving,E02003013,E02003108,27,13822,1421
bristol,other,passenger,E02003013,E02003108,1,13822,1421
bristol,other,driving,E02003013,E02003106,134,5261,668
bristol,other,passenger,E02003013,E02003106,9,5261,668
bristol,other,taxi,E02003015,E02003094,1,9551,1044
bristol,other,driving,E02003015,E02003094,56,9551,1044
bristol,other,passenger,E02003015,E02003094,5,9551,1044
bristol,other,driving,E02003012,E02003068,19,14396,993
bristol,other,passenger,E02003012,E02003068,2,14396,993
bristol,other,driving,E02003012,E02003100,104,6407,721
bristol,other,passenger,E02003012,E02003100,12,6407,721
bristol,other,driving,E02003012,E02003107,85,5648,770
bristol,other,passenger,E02003012,E02003107,12,5648,770
bristol,other,driving,E02003014,E02003108,14,28332,1878
bristol,other,passenger,E02003014,E02003108,1,28332,1878
bristol,other,driving,E02003014,E02003098,23,15637,1076
bristol,other,passenger,E02003014,E02003098,2,15637,1076
bristol,other,driving,E02003013,E02003068,35,16572,1185
bristol,other,passenger,E02003013,E02003068,4,16572,1185
bristol,other,driving,E02003014,E02003094,152,9168,1004
bristol,other,passenger,E02003014,E02003094,31,9168,1004
bristol,other,driving,E02003012,E02003098,40,8971,767
bristol,other,passenger,E02003012,E02003098,5,8971,767
bristol,other,foot,E02003033,E02003106,2,8066,6716
bristol,other,foot,E02003034,E02003106,12,6793,5787
bristol,other,foot,E02003039,E02003106,2,7216,6054
bristol,other,foot,E02003040,E02003106,2,7060,6005
bristol,other,foot,E02003036,E02003106,4,7383,6298
bristol,other,foot,E02003024,E02003106,26,4791,3994
bristol,other,foot,E02003037,E02003106,3,8896,7429
bristol,other,foot,E02003028,E02003106,5,7041,5772
bristol,other,foot,E02003027,E02003106,21,5773,4804
bristol,other,foot,E02003025,E02003106,27,4215,3464
bristol,other,foot,E02003031,E02003106,7,6658,5594
bristol,other,foot,E02003022,E02003106,6,6375,5253
bristol,other,foot,E02003029,E02003106,6,5617,4630
bristol,other,foot,E02003015,E02003106,21,4997,4119
bristol,other,foot,E02003038,E02003106,2,7030,5744
bristol,other,foot,E02003019,E02003106,1,11390,9512
bristol,other,foot,E02003016,E02003106,81,3662,2994
bristol,other,foot,E02003032,E02003106,10,6223,5184
bristol,other,foot,E02003023,E02003106,77,3697,3186
bristol,other,foot,E02003012,E02003106,2,6977,5821
bristol,other,foot,E02003021,E02003106,24,4831,4004
bristol,other,foot,E02003013,E02003106,22,5154,4255
bristol,other,foot,E02003017,E02003106,2,6307,5266
bristol,other,driving,E02003037,E02003121,1,5894,801
bristol,other,driving,E02003036,E02003117,4,6535,874
bristol,other,driving,E02003033,E02003121,1,5703,753
bristol,other,driving,E02003033,E02003117,8,5827,799
bristol,other,taxi,E02003032,E02003117,1,11923,1484
bristol,other,driving,E02003032,E02003117,28,11923,1484
bristol,other,passenger,E02003032,E02003117,3,11923,1484
bristol,other,driving,E02003031,E02003117,9,6047,864
bristol,other,driving,E02003031,E02003121,3,5824,825
bristol,other,driving,E02003029,E02003121,11,10337,1252
bristol,other,passenger,E02003029,E02003121,1,10337,1252
bristol,other,driving,E02003030,E02003117,14,8341,1238
bristol,other,passenger,E02003030,E02003117,1,8341,1238
bristol,other,driving,E02003029,E02003117,28,12169,1489
bristol,other,passenger,E02003029,E02003117,2,12169,1489
bristol,other,driving,E02003028,E02003117,7,4636,642
bristol,other,driving,E02003036,E02003121,2,6411,829
bristol,other,passenger,E02003028,E02003121,1,4413,603
bristol,other,driving,E02003027,E02003121,2,3913,603
bristol,other,driving,E02003027,E02003117,17,5744,840
bristol,other,driving,E02003037,E02003117,5,6018,847
bristol,other,driving,E02003034,E02003121,2,5931,926
bristol,other,driving,E02003030,E02003121,2,6509,1002
bristol,other,driving,E02003026,E02003117,2,4064,606
bristol,other,driving,E02003034,E02003117,18,7097,1126
bristol,other,driving,E02003026,E02003121,1,3940,561
bristol,other,driving,E02003025,E02003121,8,4391,686
bristol,other,driving,E02003025,E02003117,8,6223,923
bristol,other,passenger,E02003025,E02003117,2,6223,923
bristol,other,driving,E02003032,E02003121,16,10091,1247
bristol,other,passenger,E02003032,E02003121,2,10091,1247
bristol,other,driving,E02003024,E02003121,12,9216,1110
bristol,other,passenger,E02003024,E02003121,1,9216,1110
bristol,other,driving,E02003024,E02003117,16,11048,1346
bristol,other,passenger,E02003024,E02003117,3,11048,1346
bristol,other,driving,E02003023,E02003117,17,9175,1158
bristol,other,passenger,E02003023,E02003117,1,9175,1158
bristol,other,driving,E02003023,E02003121,5,7343,921
bristol,other,passenger,E02003023,E02003121,1,7343,921
bristol,other,driving,E02003022,E02003121,5,3373,471
bristol,other,passenger,E02003022,E02003121,1,3373,471
bristol,other,driving,E02003022,E02003117,5,3909,585
bristol,other,driving,E02003021,E02003121,4,3354,520
bristol,other,passenger,E02003021,E02003121,1,3354,520
bristol,other,driving,E02003020,E02003117,5,2979,458
bristol,other,driving,E02003019,E02003121,2,6639,774
bristol,other,passenger,E02003019,E02003121,1,6639,774
bristol,other,driving,E02003018,E02003121,1,3946,440
bristol,other,driving,E02003017,E02003117,8,2503,386
bristol,other,driving,E02003016,E02003117,9,4208,575
bristol,other,driving,E02003015,E02003121,3,1895,312
bristol,other,driving,E02003019,E02003117,3,6093,721
bristol,other,driving,E02003014,E02003117,10,4015,570
bristol,other,passenger,E02003014,E02003117,2,4015,570
bristol,other,driving,E02003014,E02003121,3,5939,706
bristol,other,passenger,E02003014,E02003121,1,5939,706
bristol,other,driving,E02003021,E02003117,8,5186,757
bristol,other,driving,E02003018,E02003117,4,4071,485
bristol,other,passenger,E02003018,E02003117,1,4071,485
bristol,other,driving,E02003016,E02003121,3,2376,339
bristol,other,driving,E02003015,E02003117,10,3726,549
bristol,other,passenger,E02003015,E02003117,1,3726,549
bristol,other,driving,E02003012,E02003121,4,2598,302
bristol,other,driving,E02003013,E02003117,11,2558,316
bristol,other,passenger,E02003013,E02003117,3,2558,316
bristol,other,bicycle,E02003021,E02003106,48,5146,1037
bristol,other,bicycle,E02003022,E02003106,31,7101,1384
bristol,other,bicycle,E02006890,E02003106,22,6173,1511
bristol,other,bicycle,E02003017,E02003106,36,6682,1377
bristol,other,bicycle,E02003016,E02003106,44,3995,734
bristol,other,bicycle,E02003043,E02003106,27,9941,2168
bristol,other,bicycle,E02003020,E02003106,17,7948,1756
bristol,other,bicycle,E02003036,E02003106,27,8310,1742
bristol,other,bicycle,E02003051,E02003106,7,11580,2560
bristol,other,bicycle,E02003031,E02003106,62,7295,1546
bristol,other,bicycle,E02003048,E02003106,5,10586,2292
bristol,other,bicycle,E02003040,E02003106,21,7158,1860
bristol,other,bicycle,E02003053,E02003106,2,11870,2567
bristol,other,bicycle,E02003041,E02003106,20,10612,2268
bristol,other,bicycle,E02003033,E02003106,27,8629,1801
bristol,other,bicycle,E02003028,E02003106,58,8017,1615
bristol,other,bicycle,E02003030,E02003106,13,5338,1394
bristol,other,bicycle,E02003046,E02003106,13,8854,2306
bristol,other,bicycle,E02003047,E02003106,17,11758,2537
bristol,other,bicycle,E02003034,E02003106,45,7615,1695
bristol,other,bicycle,E02003045,E02003106,16,11246,2604
bristol,other,bicycle,E02003026,E02003106,17,8908,1950
bristol,other,bicycle,E02003037,E02003106,31,9469,2019
bristol,other,bicycle,E02003027,E02003106,99,6335,1297
bristol,other,bicycle,E02003019,E02003106,3,12410,2676
bristol,other,bicycle,E02003052,E02003106,7,13638,2836
bristol,other,bicycle,E02003050,E02003106,7,11844,2630
bristol,other,bicycle,E02006888,E02003106,11,6801,1659
bristol,other,bus,E02003048,E02003106,5,5302,2336
bristol,other,bus,E02003032,E02003106,8,4000,1538
bristol,other,bus,E02003046,E02003106,1,4288,1711
bristol,other,bus,E02003050,E02003106,12,6772,2376
bristol,other,bus,E02003037,E02003094,11,19766,4257
bristol,other,bus,E02003038,E02003094,5,17547,4115
bristol,other,bus,E02003028,E02003106,11,14744,3489
bristol,other,bus,E02003028,E02003094,8,6834,4973
bristol,other,bus,E02003034,E02003106,38,16959,3763
bristol,other,bus,E02003046,E02003077,2,26526,6655
bristol,other,bus,E02003030,E02003077,2,29795,6820
bristol,other,bus,E02003030,E02003106,22,18635,4138
bristol,other,bus,E02003046,E02003094,3,19355,4666
bristol,other,bus,E02003049,E02003094,9,18646,4778
bristol,other,bus,E02003037,E02003106,25,23171,4842
bristol,other,bus,E02003031,E02003077,2,24000,6710
bristol,other,bus,E02003040,E02003106,7,5809,1977
bristol,other,bus,E02003031,E02003094,15,15324,4049
bristol,other,bus,E02003044,E02003106,2,7197,3320
bristol,other,bus,E02003049,E02003106,3,15677,3174
bristol,other,bus,E02003028,E02003077,1,25784,7862
bristol,other,bus,E02003050,E02003077,52,21821,5848
bristol,other,bus,E02003029,E02003106,15,16923,3660
bristol,other,bus,E02003037,E02003077,1,25566,5925
bristol,other,bus,E02003047,E02003094,3,20959,5914
bristol,other,bus,E02003047,E02003077,8,25921,8390
bristol,other,bus,E02003039,E02003106,9,16204,4320
bristol,other,bus,E02003030,E02003094,7,15231,3553
bristol,other,bus,E02003050,E02003094,12,16318,3999
bristol,other,bus,E02003029,E02003094,10,9013,5144
bristol,other,bus,E02003047,E02003106,12,5737,2917
bristol,other,bus,E02003048,E02003094,1,18506,5896
bristol,other,bus,E02003039,E02003094,2,12555,3349
bristol,other,bus,E02003044,E02003094,2,17027,4939
bristol,other,bus,E02003034,E02003077,6,23178,7553
bristol,other,bus,E02003038,E02003106,7,20892,3599
bristol,other,bus,E02003048,E02003077,15,27182,7742
bristol,other,bus,E02003034,E02003094,8,13135,3898
bristol,other,bus,E02003031,E02003106,35,5791,3296
bristol,other,bus,E02003032,E02003077,1,24210,6735
bristol,other,bus,E02003040,E02003077,9,23026,6236
bristol,other,bus,E02003040,E02003094,9,15506,3923
bristol,other,bus,E02003032,E02003094,7,14778,3811
bristol,other,foot,E02006890,E02003106,8,7060,6005
bristol,other,foot,E02006889,E02003106,6,7216,6054
bristol,other,foot,E02006888,E02003106,3,7030,5744
bristol,other,foot,E02006887,E02003106,6,8896,7429
bristol,other,foot,E02003057,E02003106,1,7041,5772
bristol,other,foot,E02003056,E02003106,1,5773,4804
bristol,other,foot,E02003055,E02003106,2,8561,7185
bristol,other,foot,E02003053,E02003106,6,4791,3994
bristol,other,foot,E02003052,E02003106,10,3697,3186
bristol,other,foot,E02003050,E02003106,9,4831,4004
bristol,other,foot,E02003049,E02003106,1,11390,9512
bristol,other,foot,E02003048,E02003106,2,6307,5266
bristol,other,foot,E02003047,E02003106,4,3662,2994
bristol,other,foot,E02003043,E02003106,2,5154,4255
bristol,other,foot,E02003041,E02003106,4,6977,5821
bristol,other,foot,E02003064,E02003106,1,7383,6298
bristol,other,foot,E02003046,E02003106,4,4997,4119
bristol,other,foot,E02003051,E02003106,2,6375,5253
bristol,other,foot,E02003060,E02003106,1,6223,5184
bristol,other,foot,E02003045,E02003106,1,10349,8667
bristol,other,taxi,E02003061,E02003107,1,9472,847
bristol,other,driving,E02003061,E02003107,10,9472,847
bristol,other,passenger,E02003061,E02003107,1,9472,847
bristol,other,driving,E02003061,E02003106,22,7643,634
bristol,other,passenger,E02003061,E02003106,1,7643,634
bristol,other,driving,E02003061,E02003108,10,14455,1228
bristol,other,passenger,E02003061,E02003108,1,14455,1228
bristol,other,driving,E02003063,E02003068,26,7576,897
bristol,other,passenger,E02003063,E02003068,2,7576,897
bristol,other,driving,E02003063,E02003094,15,11843,1342
bristol,other,passenger,E02003063,E02003094,2,11843,1342
bristol,other,driving,E02003058,E02003107,12,6219,966
bristol,other,passenger,E02003058,E02003107,3,6219,966
bristol,other,driving,E02003062,E02003107,18,6038,1113
bristol,other,passenger,E02003062,E02003107,1,6038,1113
bristol,other,driving,E02003062,E02003106,10,9208,961
bristol,other,driving,E02003056,E02003106,23,5823,779
bristol,other,passenger,E02003056,E02003106,2,5823,779
bristol,other,driving,E02003060,E02003068,22,8781,1092
bristol,other,passenger,E02003060,E02003068,2,8781,1092
bristol,other,driving,E02003058,E02003098,10,12754,1220
bristol,other,passenger,E02003058,E02003098,1,12754,1220
bristol,other,driving,E02003054,E02003107,25,4015,684
bristol,other,passenger,E02003054,E02003107,3,4015,684
bristol,other,driving,E02003055,E02003107,10,5442,823
bristol,other,passenger,E02003055,E02003107,2,5442,823
bristol,other,driving,E02003061,E02003094,21,20667,1253
bristol,other,passenger,E02003061,E02003094,1,20667,1253
bristol,other,driving,E02003056,E02003098,5,9523,1080
bristol,other,passenger,E02003056,E02003098,2,9523,1080
bristol,other,driving,E02003058,E02003068,18,9722,1257
bristol,other,driving,E02003063,E02003100,33,10377,1311
bristol,other,driving,E02003060,E02003094,44,11652,1293
bristol,other,passenger,E02003060,E02003094,2,11652,1293
bristol,other,driving,E02003063,E02003107,17,7593,1198
bristol,other,driving,E02003058,E02003108,25,15866,1512
bristol,other,passenger,E02003058,E02003108,1,15866,1512
bristol,other,driving,E02003062,E02003108,14,16020,1555
bristol,other,passenger,E02003062,E02003108,2,16020,1555
bristol,other,driving,E02003057,E02003106,27,6833,622
bristol,other,passenger,E02003057,E02003106,3,6833,622
bristol,other,driving,E02003062,E02003098,6,12908,1262
bristol,other,driving,E02003063,E02003106,43,11098,1173
bristol,other,passenger,E02003063,E02003106,2,11098,1173
bristol,other,driving,E02003062,E02003068,20,8947,1112
bristol,other,passenger,E02003062,E02003068,3,8947,1112
bristol,other,driving,E02003060,E02003107,33,6973,1076
bristol,other,passenger,E02003060,E02003107,2,6973,1076
bristol,other,driving,E02003059,E02003108,13,10831,1131
bristol,other,passenger,E02003059,E02003108,1,10831,1131
bristol,other,driving,E02003040,E02003108,35,28332,1878
bristol,other,passenger,E02003040,E02003108,8,28332,1878
bristol,other,driving,E02003063,E02003108,24,17910,1767
bristol,other,driving,E02003060,E02003108,44,17248,1647
bristol,other,passenger,E02003060,E02003108,4,17248,1647
bristol,other,driving,E02003058,E02003094,34,11871,1359
bristol,other,passenger,E02003058,E02003094,4,11871,1359
bristol,other,driving,E02003057,E02003094,23,19858,1241
bristol,other,passenger,E02003057,E02003094,1,19858,1241
bristol,other,driving,E02003059,E02003107,17,7406,986
bristol,other,passenger,E02003059,E02003107,3,7406,986
bristol,other,driving,E02003059,E02003106,25,6552,871
bristol,other,driving,E02003060,E02003100,44,9564,1266
bristol,other,passenger,E02003060,E02003100,2,9564,1266
bristol,other,driving,E02003052,E02003107,15,4034,637
bristol,other,passenger,E02003052,E02003107,1,4034,637
bristol,other,driving,E02003058,E02003106,45,9054,918
bristol,other,driving,E02003053,E02003100,31,9262,1146
bristol,other,passenger,E02003053,E02003100,1,9262,1146
bristol,other,driving,E02003056,E02003107,12,7652,992
bristol,other,driving,E02003052,E02003106,51,7669,748
bristol,other,passenger,E02003052,E02003106,3,7669,748
bristol,other,driving,E02003053,E02003094,23,9889,1101
bristol,other,passenger,E02003053,E02003094,3,9889,1101
bristol,other,driving,E02003054,E02003100,27,7045,919
bristol,other,passenger,E02003054,E02003100,3,7045,919
bristol,other,driving,E02003054,E02003108,20,14912,1460
bristol,other,passenger,E02003054,E02003108,2,14912,1460
bristol,other,driving,E02003048,E02003106,33,4810,703
bristol,other,passenger,E02003048,E02003106,2,4810,703
bristol,other,driving,E02003055,E02003106,24,7384,1026
bristol,other,passenger,E02003055,E02003106,4,7384,1026
bristol,other,driving,E02003058,E02003100,36,9091,1196
bristol,other,passenger,E02003058,E02003100,1,9091,1196
bristol,other,driving,E02003057,E02003100,19,15178,1028
bristol,other,passenger,E02003057,E02003100,1,15178,1028
bristol,other,driving,E02003057,E02003098,12,10533,923
bristol,other,driving,E02003048,E02003108,12,14838,1403
bristol,other,passenger,E02003048,E02003108,2,14838,1403
bristol,other,driving,E02003059,E02003068,11,29916,1834
bristol,other,passenger,E02003059,E02003068,1,29916,1834
bristol,other,driving,E02003054,E02003094,26,11569,1335
bristol,other,driving,E02003051,E02003107,17,6530,849
bristol,other,passenger,E02003051,E02003107,1,6530,849
bristol,other,driving,E02003055,E02003098,11,10614,1218
bristol,other,passenger,E02003055,E02003098,1,10614,1218
bristol,other,driving,E02003048,E02003107,17,3054,489
bristol,other,passenger,E02003048,E02003107,2,3054,489
bristol,other,driving,E02003055,E02003100,22,8033,1013
bristol,other,passenger,E02003055,E02003100,3,8033,1013
bristol,other,driving,E02003047,E02003098,29,11569,1101
bristol,other,driving,E02003050,E02003107,21,4657,661
bristol,other,driving,E02003056,E02003068,19,27065,1761
bristol,other,passenger,E02003056,E02003068,2,27065,1761
bristol,other,driving,E02003060,E02003098,17,14136,1354
bristol,other,driving,E02003051,E02003106,35,5670,728
bristol,other,driving,E02003062,E02003094,22,12360,1369
bristol,other,driving,E02003050,E02003098,28,7504,847
bristol,other,passenger,E02003050,E02003098,2,7504,847
bristol,other,driving,E02003050,E02003094,30,18009,1370
bristol,other,passenger,E02003050,E02003094,2,18009,1370
bristol,other,driving,E02003060,E02003106,52,10435,1053
bristol,other,passenger,E02003060,E02003106,4,10435,1053
bristol,other,driving,E02003061,E02003098,4,11343,935
bristol,other,driving,E02003050,E02003100,41,8757,1021
bristol,other,passenger,E02003050,E02003100,2,8757,1021
bristol,other,driving,E02003051,E02003108,8,8622,1042
bristol,other,passenger,E02003051,E02003108,1,8622,1042
bristol,other,taxi,E02003056,E02003108,1,9854,984
bristol,other,driving,E02003056,E02003108,11,9854,984
bristol,other,passenger,E02003056,E02003108,3,9854,984
bristol,other,driving,E02003053,E02003107,25,7175,1043
bristol,other,passenger,E02003053,E02003107,1,7175,1043
bristol,other,driving,E02003052,E02003094,18,12048,1418
bristol,other,passenger,E02003052,E02003094,2,12048,1418
bristol,other,driving,E02003059,E02003098,11,10252,1172
bristol,other,passenger,E02003059,E02003098,1,10252,1172
bristol,other,driving,E02003053,E02003108,25,17174,1911
bristol,other,passenger,E02003053,E02003108,5,17174,1911
bristol,other,driving,E02003049,E02003068,13,11086,1324
bristol,other,passenger,E02003049,E02003068,1,11086,1324
bristol,other,driving,E02003045,E02003107,21,7769,994
bristol,other,driving,E02003053,E02003098,19,12654,1248
bristol,other,passenger,E02003053,E02003098,1,12654,1248
bristol,other,driving,E02003050,E02003108,16,11763,1288
bristol,other,passenger,E02003050,E02003108,2,11763,1288
bristol,other,driving,E02003052,E02003098,10,11369,1049
bristol,other,passenger,E02003052,E02003098,1,11369,1049
bristol,other,driving,E02003063,E02003098,10,14798,1474
bristol,other,passenger,E02003063,E02003098,1,14798,1474
bristol,other,driving,E02003056,E02003094,25,18882,1451
bristol,other,passenger,E02003056,E02003094,3,18882,1451
bristol,other,driving,E02003047,E02003094,22,8804,953
bristol,other,passenger,E02003047,E02003094,3,8804,953
bristol,other,driving,E02003051,E02003068,15,26912,1710
bristol,other,passenger,E02003051,E02003068,2,26912,1710
bristol,other,driving,E02003045,E02003068,14,12247,1014
bristol,other,passenger,E02003045,E02003068,1,12247,1014
bristol,other,driving,E02003048,E02003068,8,11935,1536
bristol,other,passenger,E02003048,E02003068,1,11935,1536
bristol,other,driving,E02003048,E02003100,32,6486,836
bristol,other,passenger,E02003048,E02003100,5,6486,836
bristol,other,driving,E02003057,E02003107,10,8662,835
bristol,other,driving,E02003047,E02003106,82,8116,1081
bristol,other,passenger,E02003047,E02003106,4,8116,1081
bristol,other,driving,E02003059,E02003100,24,11505,1346
bristol,other,passenger,E02003059,E02003100,1,11505,1346
bristol,other,driving,E02003052,E02003100,34,7524,1002
bristol,other,passenger,E02003052,E02003100,2,7524,1002
bristol,other,driving,E02003051,E02003100,34,10630,1209
bristol,other,passenger,E02003051,E02003100,4,10630,1209
bristol,other,driving,E02003049,E02003100,36,7522,901
bristol,other,passenger,E02003049,E02003100,1,7522,901
bristol,other,driving,E02003054,E02003068,8,10699,1454
bristol,other,driving,E02003049,E02003094,24,9734,1080
bristol,other,passenger,E02003049,E02003094,1,9734,1080
bristol,other,driving,E02003061,E02003068,20,10477,1432
bristol,other,passenger,E02003061,E02003068,1,10477,1432
bristol,other,driving,E02003047,E02003107,26,6678,967
bristol,other,passenger,E02003047,E02003107,3,6678,967
bristol,other,driving,E02003045,E02003094,13,9895,980
bristol,other,passenger,E02003045,E02003094,1,9895,980
bristol,other,driving,E02003045,E02003100,22,10096,1082
bristol,other,passenger,E02003045,E02003100,1,10096,1082
bristol,other,driving,E02003044,E02003107,31,4875,697
bristol,other,driving,E02003046,E02003094,33,11856,825
bristol,other,passenger,E02003046,E02003094,2,11856,825
bristol,other,driving,E02003046,E02003098,26,14600,930
bristol,other,passenger,E02003046,E02003098,2,14600,930
bristol,other,driving,E02003049,E02003106,42,6873,912
bristol,other,passenger,E02003049,E02003106,2,6873,912
bristol,other,driving,E02003048,E02003098,23,7555,963
bristol,other,passenger,E02003048,E02003098,2,7555,963
bristol,other,driving,E02003052,E02003068,27,28876,1677
bristol,other,passenger,E02003052,E02003068,6,28876,1677
bristol,other,driving,E02003057,E02003108,9,13646,1216
bristol,other,passenger,E02003057,E02003108,1,13646,1216
bristol,other,driving,E02003051,E02003098,21,9370,1029
bristol,other,driving,E02003062,E02003100,9,9068,1348
bristol,other,passenger,E02003062,E02003100,1,9068,1348
bristol,other,driving,E02003048,E02003094,7,11010,1252
bristol,other,passenger,E02003048,E02003094,1,11010,1252
bristol,other,driving,E02003043,E02003106,89,3660,503
bristol,other,passenger,E02003043,E02003106,7,3660,503
bristol,other,driving,E02003052,E02003108,11,14481,1342
bristol,other,passenger,E02003052,E02003108,1,14481,1342
bristol,other,driving,E02003046,E02003107,22,10462,1327
bristol,other,passenger,E02003046,E02003107,1,10462,1327
bristol,other,driving,E02003055,E02003068,25,9457,1105
bristol,other,driving,E02003047,E02003100,63,9005,1055
bristol,other,passenger,E02003047,E02003100,2,9005,1055
bristol,other,driving,E02003046,E02003100,72,14833,966
bristol,other,passenger,E02003046,E02003100,6,14833,966
bristol,other,driving,E02003057,E02003068,14,28041,1551
bristol,other,passenger,E02003057,E02003068,1,28041,1551
bristol,other,driving,E02003044,E02003068,12,11081,1276
bristol,other,passenger,E02003044,E02003068,1,11081,1276
bristol,other,driving,E02003049,E02003108,28,15434,1665
bristol,other,passenger,E02003049,E02003108,2,15434,1665
bristol,other,driving,E02003061,E02003100,13,15987,1040
bristol,other,passenger,E02003061,E02003100,1,15987,1040
bristol,other,driving,E02003044,E02003100,41,6962,800
bristol,other,passenger,E02003044,E02003100,3,6962,800
bristol,other,driving,E02003050,E02003106,51,3804,546
bristol,other,passenger,E02003050,E02003106,6,3804,546
bristol,other,taxi,E02003047,E02003108,1,16677,1834
bristol,other,driving,E02003047,E02003108,15,16677,1834
bristol,other,passenger,E02003047,E02003108,2,16677,1834
bristol,other,driving,E02003050,E02003068,27,26192,1680
bristol,other,passenger,E02003050,E02003068,1,26192,1680
bristol,other,driving,E02003043,E02003107,20,1903,288
bristol,other,passenger,E02003043,E02003107,1,1903,288
bristol,other,driving,E02003043,E02003068,11,18222,1444
bristol,other,passenger,E02003043,E02003068,2,18222,1444
bristol,other,driving,E02003041,E02003107,12,3463,594
bristol,other,passenger,E02003041,E02003107,1,3463,594
bristol,other,driving,E02003043,E02003100,42,5508,656
bristol,other,passenger,E02003043,E02003100,3,5508,656
bristol,other,driving,E02003055,E02003094,19,10461,1137
bristol,other,passenger,E02003055,E02003094,4,10461,1137
bristol,other,driving,E02003043,E02003098,15,6405,763
bristol,other,taxi,E02003041,E02003106,1,5394,753
bristol,other,driving,E02003041,E02003106,104,5394,753
bristol,other,passenger,E02003041,E02003106,1,5394,753
bristol,other,driving,E02003045,E02003108,8,17768,1861
bristol,other,driving,E02003046,E02003106,85,20950,1205
bristol,other,passenger,E02003046,E02003106,3,20950,1205
bristol,other,driving,E02003054,E02003106,50,5771,898
bristol,other,passenger,E02003054,E02003106,3,5771,898
bristol,other,driving,E02003043,E02003108,13,12220,1256
bristol,other,passenger,E02003043,E02003108,2,12220,1256
bristol,other,driving,E02003046,E02003068,22,9525,800
bristol,other,passenger,E02003046,E02003068,1,9525,800
bristol,other,driving,E02003051,E02003094,14,18728,1400
bristol,other,passenger,E02003051,E02003094,1,18728,1400
bristol,other,driving,E02003039,E02003094,30,8382,811
bristol,other,passenger,E02003039,E02003094,4,8382,811
bristol,other,driving,E02003053,E02003068,17,10403,1215
bristol,other,passenger,E02003053,E02003068,1,10403,1215
bristol,other,driving,E02003043,E02003094,15,10032,1070
bristol,other,driving,E02003041,E02003108,5,13955,1506
bristol,other,driving,E02003054,E02003098,17,9626,1124
bristol,other,passenger,E02003054,E02003098,1,9626,1124
bristol,other,driving,E02003044,E02003094,19,8328,881
bristol,other,passenger,E02003044,E02003094,3,8328,881
bristol,other,driving,E02003039,E02003108,43,13822,1421
bristol,other,passenger,E02003039,E02003108,5,13822,1421
bristol,other,taxi,E02003040,E02003106,3,11199,1374
bristol,other,driving,E02003040,E02003106,102,11199,1374
bristol,other,passenger,E02003040,E02003106,7,11199,1374
bristol,other,driving,E02003044,E02003108,39,14874,1564
bristol,other,passenger,E02003044,E02003108,1,14874,1564
bristol,other,driving,E02003040,E02003094,33,9168,1004
bristol,other,passenger,E02003040,E02003094,6,9168,1004
bristol,other,driving,E02003040,E02003107,24,9762,1260
bristol,other,passenger,E02003040,E02003107,4,9762,1260
bristol,other,taxi,E02003047,E02003068,1,11413,1339
bristol,other,driving,E02003047,E02003068,22,11413,1339
bristol,other,passenger,E02003047,E02003068,4,11413,1339
bristol,other,driving,E02003039,E02003068,9,16572,1185
bristol,other,taxi,E02003055,E02003108,1,17176,1695
bristol,other,driving,E02003055,E02003108,21,17176,1695
bristol,other,passenger,E02003055,E02003108,2,17176,1695
bristol,other,driving,E02003041,E02003098,26,8624,947
bristol,other,taxi,E02003039,E02003106,2,5261,668
bristol,other,driving,E02003039,E02003106,89,5261,668
bristol,other,passenger,E02003039,E02003106,4,5261,668
bristol,other,driving,E02003045,E02003106,58,9207,1108
bristol,other,driving,E02003040,E02003100,53,9369,1106
bristol,other,driving,E02003039,E02003098,27,8491,862
bristol,other,passenger,E02003039,E02003098,6,8491,862
bristol,other,driving,E02003039,E02003107,34,3823,554
bristol,other,passenger,E02003039,E02003107,2,3823,554
bristol,other,driving,E02003041,E02003100,41,6043,742
bristol,other,passenger,E02003041,E02003100,3,6043,742
bristol,other,driving,E02003038,E02003094,39,6206,619
bristol,other,passenger,E02003038,E02003094,3,6206,619
bristol,other,driving,E02003045,E02003098,10,12660,1127
bristol,other,driving,E02003038,E02003098,24,8971,767
bristol,other,driving,E02003039,E02003100,46,5910,657
bristol,other,passenger,E02003039,E02003100,2,5910,657
bristol,other,taxi,E02003038,E02003107,1,5648,770
bristol,other,driving,E02003038,E02003107,26,5648,770
bristol,other,passenger,E02003038,E02003107,2,5648,770
bristol,other,driving,E02003041,E02003068,16,17741,1418
bristol,other,passenger,E02003041,E02003068,1,17741,1418
bristol,other,driving,E02003038,E02003068,14,14396,993
bristol,other,driving,E02003038,E02003108,58,15646,1637
bristol,other,passenger,E02003038,E02003108,3,15646,1637
bristol,other,driving,E02003038,E02003100,51,6407,721
bristol,other,driving,E02003044,E02003098,17,9543,1005
bristol,other,taxi,E02003059,E02003094,1,21733,1524
bristol,other,driving,E02003059,E02003094,17,21733,1524
bristol,other,passenger,E02003059,E02003094,1,21733,1524
bristol,other,driving,E02003049,E02003107,18,5435,798
bristol,other,passenger,E02003049,E02003107,1,5435,798
bristol,other,driving,E02003053,E02003106,68,8613,1158
bristol,other,passenger,E02003053,E02003106,5,8613,1158
bristol,other,driving,E02003040,E02003098,28,15637,1076
bristol,other,passenger,E02003040,E02003098,3,15637,1076
bristol,other,taxi,E02003044,E02003106,1,6313,811
bristol,other,driving,E02003044,E02003106,101,6313,811
bristol,other,passenger,E02003044,E02003106,6,6313,811
bristol,other,driving,E02003046,E02003108,29,27295,1731
bristol,other,passenger,E02003046,E02003108,4,27295,1731
bristol,other,taxi,E02003038,E02003106,1,7085,884
bristol,other,driving,E02003038,E02003106,91,7085,884
bristol,other,passenger,E02003038,E02003106,5,7085,884
bristol,other,driving,E02003041,E02003094,9,9551,1044
bristol,other,driving,E02003049,E02003098,19,10103,1106
bristol,other,driving,E02003040,E02003068,10,10562,946
bristol,other,driving,E02003056,E02003100,13,14201,1238
bristol,other,passenger,E02003056,E02003100,1,14201,1238
bristol,other,driving,E02003063,E02003117,10,6018,847
bristol,other,driving,E02003063,E02003121,13,5894,801
bristol,other,passenger,E02003063,E02003121,1,5894,801
bristol,other,driving,E02003062,E02003117,2,6535,874
bristol,other,passenger,E02003062,E02003117,3,6535,874
bristol,other,driving,E02003062,E02003121,2,6411,829
bristol,other,driving,E02003059,E02003117,3,11923,1484
bristol,other,passenger,E02003059,E02003117,1,11923,1484
bristol,other,driving,E02003060,E02003117,15,5827,799
bristol,other,taxi,E02003060,E02003121,1,5703,753
bristol,other,driving,E02003060,E02003121,21,5703,753
bristol,other,passenger,E02003060,E02003121,2,5703,753
bristol,other,driving,E02003041,E02003121,2,1895,312
bristol,other,driving,E02003057,E02003121,4,6509,1002
bristol,other,driving,E02003056,E02003121,4,10337,1252
bristol,other,passenger,E02003056,E02003121,2,10337,1252
bristol,other,driving,E02003056,E02003117,9,12169,1489
bristol,other,driving,E02003055,E02003121,3,4413,603
bristol,other,driving,E02003054,E02003121,8,3913,603
bristol,other,driving,E02003058,E02003117,12,6047,864
bristol,other,driving,E02003061,E02003117,7,7097,1126
bristol,other,passenger,E02003061,E02003117,1,7097,1126
bristol,other,driving,E02003053,E02003121,9,3940,561
bristol,other,passenger,E02003053,E02003121,2,3940,561
bristol,other,driving,E02003053,E02003117,6,4064,606
bristol,other,passenger,E02003053,E02003117,2,4064,606
bristol,other,driving,E02003058,E02003121,9,5824,825
bristol,other,driving,E02003055,E02003117,9,4636,642
bristol,other,taxi,E02003057,E02003117,1,8341,1238
bristol,other,driving,E02003057,E02003117,8,8341,1238
bristol,other,passenger,E02003057,E02003117,1,8341,1238
bristol,other,driving,E02003059,E02003121,1,10091,1247
bristol,other,driving,E02003051,E02003121,6,9216,1110
bristol,other,driving,E02003051,E02003117,2,11048,1346
bristol,other,driving,E02003061,E02003121,1,5931,926
bristol,other,passenger,E02003061,E02003121,1,5931,926
bristol,other,driving,E02003050,E02003117,10,9175,1158
bristol,other,driving,E02003049,E02003117,11,3909,585
bristol,other,passenger,E02003049,E02003117,3,3909,585
bristol,other,driving,E02003048,E02003121,4,3354,520
bristol,other,passenger,E02003048,E02003121,1,3354,520
bristol,other,driving,E02003054,E02003117,16,5744,840
bristol,other,passenger,E02003054,E02003117,1,5744,840
bristol,other,driving,E02003052,E02003121,1,4391,686
bristol,other,driving,E02003046,E02003121,13,6639,774
bristol,other,driving,E02003052,E02003117,8,6223,923
bristol,other,passenger,E02003052,E02003117,1,6223,923
bristol,other,driving,E02003045,E02003121,3,3946,440
bristol,other,driving,E02003045,E02003117,6,4071,485
bristol,other,driving,E02003043,E02003121,7,2376,339
bristol,other,driving,E02003049,E02003121,9,3373,471
bristol,other,taxi,E02003043,E02003117,1,4208,575
bristol,other,driving,E02003043,E02003117,7,4208,575
bristol,other,driving,E02003048,E02003117,10,5186,757
bristol,other,driving,E02003047,E02003121,3,2855,413
bristol,other,driving,E02003047,E02003117,10,2979,458
bristol,other,driving,E02003050,E02003121,6,7343,921
bristol,other,driving,E02003041,E02003117,1,3726,549
bristol,other,driving,E02003040,E02003121,21,5939,706
bristol,other,passenger,E02003040,E02003121,3,5939,706
bristol,other,driving,E02003038,E02003121,36,2598,302
bristol,other,passenger,E02003038,E02003121,7,2598,302
bristol,other,driving,E02003040,E02003117,23,4015,570
bristol,other,passenger,E02003040,E02003117,1,4015,570
bristol,other,driving,E02003044,E02003121,61,2256,313
bristol,other,passenger,E02003044,E02003121,7,2256,313
bristol,other,driving,E02003044,E02003117,63,2503,386
bristol,other,passenger,E02003044,E02003117,2,2503,386
bristol,other,driving,E02003046,E02003117,16,6093,721
bristol,other,driving,E02003039,E02003117,39,2558,316
bristol,other,passenger,E02003039,E02003117,5,2558,316
bristol,other,bus,E02003062,E02003106,1,4288,1711
bristol,other,bus,E02003053,E02003106,8,18635,4138
bristol,other,bus,E02003060,E02003106,7,5809,1977
bristol,other,bus,E02003055,E02003106,4,4000,1538
bristol,other,bus,E02003064,E02003106,4,5302,2336
bristol,other,bus,E02003053,E02003077,8,29795,6820
bristol,other,bus,E02003057,E02003094,2,19766,4257
bristol,other,bus,E02003056,E02003106,3,16959,3763
bristol,other,bus,E02003058,E02003077,2,27564,6190
bristol,other,bus,E02006888,E02003106,18,15677,3174
bristol,other,bus,E02003059,E02003077,2,23497,7226
bristol,other,bus,E02003063,E02003106,5,5737,2917
bristol,other,bus,E02003057,E02003106,3,23171,4842
bristol,other,bus,E02003062,E02003077,4,26526,6655
bristol,other,bus,E02003054,E02003106,2,5791,3296
bristol,other,bus,E02003052,E02003106,6,16923,3660
bristol,other,bus,E02003057,E02003077,10,25566,5925
bristol,other,bus,E02003051,E02003077,12,25784,7862
bristol,other,bus,E02003051,E02003106,4,14744,3489
bristol,other,bus,E02003053,E02003094,5,15231,3553
bristol,other,bus,E02003061,E02003106,1,7006,3285
bristol,other,bus,E02003052,E02003094,4,9013,5144
bristol,other,bus,E02003062,E02003094,3,19355,4666
bristol,other,bus,E02003064,E02003094,1,18506,5896
bristol,other,bus,E02003051,E02003094,3,6834,4973
bristol,other,bus,E02003058,E02003094,4,17547,4115
bristol,other,bus,E02006889,E02003106,13,6772,2376
bristol,other,bus,E02003052,E02003077,4,25233,7769
bristol,other,bus,E02003059,E02003094,2,12555,3349
bristol,other,bus,E02003061,E02003077,4,23234,6935
bristol,other,bus,E02003063,E02003094,1,20959,5914
bristol,other,bus,E02003056,E02003094,5,12770,3528
bristol,other,bus,E02003054,E02003094,7,15324,4049
bristol,other,bus,E02003060,E02003094,11,15506,3923
bristol,other,bus,E02003056,E02003077,3,23178,7553
bristol,other,bus,E02006888,E02003094,5,18945,4557
bristol,other,bus,E02003061,E02003094,2,17027,4939
bristol,other,bus,E02003054,E02003077,3,24000,6710
bristol,other,bus,E02003064,E02003077,3,27182,7742
bristol,other,bus,E02006889,E02003077,6,21821,5848
bristol,other,bus,E02003055,E02003077,8,24210,6735
bristol,other,bus,E02003055,E02003094,6,14778,3811
bristol,other,bus,E02006889,E02003094,12,16318,3999
bristol,other,bus,E02006890,E02003106,19,14744,3489
bristol,other,bus,E02006890,E02003094,7,6834,4973
bristol,other,bus,E02006890,E02003077,3,25784,7862
bristol,other,driving,E02006890,E02003108,24,12220,1256
bristol,other,passenger,E02006890,E02003108,7,12220,1256
bristol,other,driving,E02006890,E02003094,26,10032,1070
bristol,other,passenger,E02006890,E02003094,3,10032,1070
bristol,other,driving,E02006890,E02003100,30,5508,656
bristol,other,passenger,E02006890,E02003100,3,5508,656
bristol,other,driving,E02006890,E02003107,26,1903,288
bristol,other,passenger,E02006890,E02003107,1,1903,288
bristol,other,driving,E02006890,E02003106,62,3660,503
bristol,other,passenger,E02006890,E02003106,8,3660,503
bristol,other,driving,E02006889,E02003068,4,17741,1418
bristol,other,passenger,E02006889,E02003068,1,17741,1418
bristol,other,driving,E02006889,E02003098,12,8624,947
bristol,other,passenger,E02006889,E02003098,2,8624,947
bristol,other,taxi,E02006889,E02003107,1,3463,594
bristol,other,driving,E02006889,E02003107,34,3463,594
bristol,other,passenger,E02006889,E02003107,2,3463,594
bristol,other,driving,E02006888,E02003094,19,9168,1004
bristol,other,passenger,E02006888,E02003094,5,9168,1004
bristol,other,driving,E02006888,E02003098,4,15637,1076
bristol,other,passenger,E02006888,E02003098,4,15637,1076
bristol,other,driving,E02006887,E02003106,59,5261,668
bristol,other,passenger,E02006887,E02003106,2,5261,668
bristol,other,driving,E02006889,E02003094,15,9551,1044
bristol,other,passenger,E02006889,E02003094,3,9551,1044
bristol,other,driving,E02006888,E02003100,17,9369,1106
bristol,other,driving,E02006887,E02003100,23,5910,657
bristol,other,passenger,E02006887,E02003100,3,5910,657
bristol,other,taxi,E02006887,E02003108,2,13822,1421
bristol,other,driving,E02006887,E02003108,11,13822,1421
bristol,other,driving,E02006888,E02003106,27,11199,1374
bristol,other,passenger,E02006888,E02003106,2,11199,1374
bristol,other,driving,E02006888,E02003107,15,9762,1260
bristol,other,passenger,E02006888,E02003107,4,9762,1260
bristol,other,driving,E02006887,E02003068,2,16572,1185
bristol,other,driving,E02006887,E02003098,13,8491,862
bristol,other,passenger,E02006887,E02003098,1,8491,862
bristol,other,driving,E02006887,E02003107,21,3823,554
bristol,other,passenger,E02006887,E02003107,1,3823,554
bristol,other,driving,E02006887,E02003094,8,8382,811
bristol,other,passenger,E02006887,E02003094,1,8382,811
bristol,other,driving,E02003064,E02003108,13,15646,1637
bristol,other,driving,E02003064,E02003107,12,5648,770
bristol,other,passenger,E02003064,E02003107,2,5648,770
bristol,other,driving,E02003064,E02003106,13,7085,884
bristol,other,passenger,E02003064,E02003106,1,7085,884
bristol,other,driving,E02003064,E02003100,17,6407,721
bristol,other,passenger,E02003064,E02003100,1,6407,721
bristol,other,driving,E02003064,E02003094,7,6206,619
bristol,other,driving,E02006890,E02003098,20,6405,763
bristol,other,passenger,E02006890,E02003098,1,6405,763
bristol,other,driving,E02006889,E02003100,14,6043,742
bristol,other,passenger,E02006889,E02003100,1,6043,742
bristol,other,driving,E02006888,E02003068,2,10562,946
bristol,other,driving,E02006889,E02003106,37,5394,753
bristol,other,passenger,E02006889,E02003106,1,5394,753
bristol,other,driving,E02003064,E02003068,15,14396,993
bristol,other,driving,E02006890,E02003068,12,18222,1444
bristol,other,passenger,E02006890,E02003068,2,18222,1444
bristol,other,driving,E02006888,E02003108,15,28332,1878
bristol,other,passenger,E02006888,E02003108,2,28332,1878
bristol,other,driving,E02006889,E02003108,13,13955,1506
bristol,other,passenger,E02006889,E02003108,3,13955,1506
bristol,other,driving,E02003064,E02003098,8,8971,767
bristol,other,driving,E02003064,E02003121,8,2598,302
bristol,other,driving,E02006890,E02003117,13,4208,575
bristol,other,driving,E02006890,E02003121,4,2376,339
bristol,other,passenger,E02006890,E02003121,1,2376,339
bristol,other,driving,E02006889,E02003121,1,1895,312
bristol,other,driving,E02006889,E02003117,5,3726,549
bristol,other,driving,E02006887,E02003117,2,2558,316
bristol,other,driving,E02006888,E02003121,1,5939,706
bristol,other,driving,E02006888,E02003117,5,4015,570
cullompton,exeter,bus,E02004170,E02004156,64,21040,3668
cullompton,other,driving,E02004170,E02004171,87,5077,491
cullompton,other,passenger,E02004170,E02004171,17,5077,491
cullompton,tiverton,driving,E02004170,E02004168,91,10319,901
cullompton,tiverton,passenger,E02004170,E02004168,6,10319,901
cullompton,other,driving,E02004170,E02004134,121,12376,816
cullompton,other,passenger,E02004170,E02004134,14,12376,816
cullompton,tiverton,driving,E02004170,E02004167,114,9443,817
cullompton,tiverton,passenger,E02004170,E02004167,10,9443,817
cullompton,exeter,driving,E02004170,E02004159,285,20699,1263
cullompton,exeter,passenger,E02004170,E02004159,27,20699,1263
cullompton,exeter,driving,E02004170,E02004162,90,30264,1471
cullompton,exeter,passenger,E02004170,E02004162,6,30264,1471
cullompton,other,driving,E02004170,E02004169,181,5614,603
cullompton,other,passenger,E02004170,E02004169,57,5614,603
cullompton,exeter,driving,E02004170,E02004161,62,21388,1367
cullompton,exeter,passenger,E02004170,E02004161,2,21388,1367
cullompton,exeter,taxi,E02004170,E02004156,1,20825,1783
cullompton,exeter,driving,E02004170,E02004156,105,20825,1783
cullompton,exeter,passenger,E02004170,E02004156,15,20825,1783
exeter,other,driving,E02004162,E02004134,72,17638,1079
exeter,other,passenger,E02004162,E02004134,6,17638,1079
exeter,other,driving,E02004163,E02004142,60,5867,589
exeter,other,passenger,E02004163,E02004142,9,5867,589
exeter,other,driving,E02004157,E02004142,33,11934,1065
exeter,other,passenger,E02004157,E02004142,3,11934,1065
exeter,other,taxi,E02004159,E02004142,1,8476,768
exeter,other,driving,E02004159,E02004142,93,8476,768
exeter,other,passenger,E02004159,E02004142,7,8476,768
exeter,other,driving,E02004161,E02004142,45,9786,984
exeter,other,passenger,E02004161,E02004142,5,9786,984
exeter,other,driving,E02004155,E02004142,56,9638,933
exeter,other,passenger,E02004155,E02004142,2,9638,933
exeter,other,driving,E02004160,E02004142,41,18885,1122
exeter,other,passenger,E02004160,E02004142,5,18885,1122
exeter,other,driving,E02004161,E02004134,60,8166,912
exeter,other,passenger,E02004161,E02004134,10,8166,912
exeter,other,driving,E02004155,E02004134,79,5750,634
exeter,other,passenger,E02004155,E02004134,12,5750,634
exeter,other,driving,E02004158,E02004134,65,10025,1291
exeter,other,passenger,E02004158,E02004134,9,10025,1291
exeter,other,driving,E02004162,E02004142,62,15908,895
exeter,other,passenger,E02004162,E02004142,3,15908,895
exeter,other,driving,E02004156,E02004134,55,9746,1127
exeter,other,passenger,E02004156,E02004134,5,9746,1127
exeter,other,driving,E02004154,E02004134,64,6904,750
exeter,other,passenger,E02004154,E02004134,13,6904,750
exeter,other,taxi,E02004159,E02004134,1,6950,756
exeter,other,driving,E02004159,E02004134,126,6950,756
exeter,other,passenger,E02004159,E02004134,10,6950,756
exeter,other,driving,E02004158,E02004142,49,17614,1202
exeter,other,passenger,E02004158,E02004142,5,17614,1202
exeter,other,taxi,E02004152,E02004142,2,11653,1226
exeter,other,driving,E02004152,E02004142,29,11653,1226
exeter,other,passenger,E02004152,E02004142,5,11653,1226
exeter,other,driving,E02004163,E02004134,59,10547,1127
exeter,other,passenger,E02004163,E02004134,5,10547,1127
exeter,other,driving,E02004152,E02004134,31,7696,821
exeter,other,passenger,E02004152,E02004134,5,7696,821
exeter,other,driving,E02004156,E02004142,38,12960,1253
exeter,other,passenger,E02004156,E02004142,4,12960,1253
exeter,other,taxi,E02004154,E02004142,1,10285,1025
exeter,other,driving,E02004154,E02004142,49,10285,1025
exeter,other,passenger,E02004154,E02004142,5,10285,1025
exeter,other,taxi,E02004150,E02004134,1,5869,624
exeter,other,driving,E02004150,E02004134,57,5869,624
exeter,other,passenger,E02004150,E02004134,6,5869,624
exeter,other,taxi,E02004153,E02004134,1,14542,1240
exeter,other,driving,E02004153,E02004134,114,14542,1240
exeter,other,passenger,E02004153,E02004134,11,14542,1240
exeter,other,driving,E02004153,E02004142,68,19191,1375
exeter,other,passenger,E02004153,E02004142,4,19191,1375
exeter,other,driving,E02004151,E02004142,53,9944,1031
exeter,other,passenger,E02004151,E02004142,5,9944,1031
exeter,other,driving,E02004157,E02004134,45,9197,1143
exeter,other,passenger,E02004157,E02004134,1,9197,1143
exeter,other,driving,E02004150,E02004142,36,11644,1138
exeter,other,passenger,E02004150,E02004142,2,11644,1138
exeter,other,driving,E02004151,E02004134,113,4765,593
exeter,other,passenger,E02004151,E02004134,10,4765,593
exeter,other,taxi,E02004160,E02004134,1,10688,1393
exeter,other,driving,E02004160,E02004134,51,10688,1393
exeter,other,passenger,E02004160,E02004134,5,10688,1393
exeter,other,driving,E02004149,E02004142,39,14221,1416
exeter,other,driving,E02004149,E02004134,54,8549,914
exeter,other,passenger,E02004149,E02004134,8,8549,914
highbridge_and_burnham,other,taxi,E02006065,E02006062,1,3399,398
highbridge_and_burnham,other,driving,E02006065,E02006062,162,3399,398
highbridge_and_burnham,other,passenger,E02006065,E02006062,25,3399,398
highbridge_and_burnham,other,taxi,E02006065,E02006066,1,15749,1519
highbridge_and_burnham,other,driving,E02006065,E02006066,56,15749,1519
highbridge_and_burnham,other,passenger,E02006065,E02006066,7,15749,1519
highbridge_and_burnham,bridgwater,driving,E02006064,E02006069,94,17560,1196
highbridge_and_burnham,bridgwater,passenger,E02006064,E02006069,10,17560,1196
highbridge_and_burnham,other,taxi,E02006064,E02006062,1,2358,296
highbridge_and_burnham,other,driving,E02006064,E02006062,208,2358,296
highbridge_and_burnham,other,passenger,E02006064,E02006062,32,2358,296
highbridge_and_burnham,other,taxi,E02006064,E02006066,2,15868,1468
highbridge_and_burnham,other,driving,E02006064,E02006066,25,15868,1468
highbridge_and_burnham,other,driving,E02006065,E02006070,52,13885,1245
highbridge_and_burnham,other,passenger,E02006065,E02006070,3,13885,1245
highbridge_and_burnham,bridgwater,driving,E02006065,E02006069,117,12821,1175
highbridge_and_burnham,bridgwater,passenger,E02006065,E02006069,12,12821,1175
highbridge_and_burnham,bridgwater,driving,E02006064,E02006068,79,17731,1096
highbridge_and_burnham,bridgwater,passenger,E02006064,E02006068,5,17731,1096
highbridge_and_burnham,weston-super-mare,driving,E02006064,E02003084,51,17490,1297
highbridge_and_burnham,weston-super-mare,passenger,E02006064,E02003084,3,17490,1297
highbridge_and_burnham,bridgwater,driving,E02006065,E02006068,63,12512,1091
highbridge_and_burnham,bridgwater,passenger,E02006065,E02006068,10,12512,1091
highbridge_and_burnham,other,driving,E02006064,E02006070,33,18560,1189
highbridge_and_burnham,other,passenger,E02006064,E02006070,5,18560,1189
highbridge_and_burnham,weston-super-mare,driving,E02006065,E02003084,58,17371,1348
highbridge_and_burnham,weston-super-mare,passenger,E02006065,E02003084,6,17371,1348
taunton,wellington,taxi,E02006108,E02006110,1,11307,1041
taunton,wellington,driving,E02006108,E02006110,36,11307,1041
taunton,wellington,passenger,E02006108,E02006110,2,11307,1041
taunton,other,driving,E02006109,E02006112,39,5990,698
taunton,other,passenger,E02006109,E02006112,5,5990,698
taunton,other,driving,E02006108,E02006112,39,4533,603
taunton,other,passenger,E02006108,E02006112,9,4533,603
taunton,other,driving,E02006107,E02006103,32,7711,905
taunton,other,passenger,E02006107,E02006103,10,7711,905
taunton,wellington,driving,E02006109,E02006110,54,10009,863
taunton,wellington,passenger,E02006109,E02006110,2,10009,863
taunton,other,driving,E02006109,E02006103,22,11098,1339
taunton,other,passenger,E02006109,E02006103,2,11098,1339
taunton,wellington,driving,E02006108,E02006111,49,11563,1090
taunton,wellington,passenger,E02006108,E02006111,10,11563,1090
taunton,other,driving,E02006105,E02006103,32,7685,900
taunton,other,passenger,E02006105,E02006103,4,7685,900
taunton,other,driving,E02006107,E02006074,58,13236,999
taunton,other,passenger,E02006107,E02006074,2,13236,999
taunton,other,driving,E02006108,E02006103,32,9641,1244
taunton,other,passenger,E02006108,E02006103,2,9641,1244
taunton,wellington,driving,E02006106,E02006111,68,10325,871
taunton,wellington,passenger,E02006106,E02006111,5,10325,871
taunton,other,driving,E02006104,E02006103,55,5594,763
taunton,other,passenger,E02006104,E02006103,7,5594,763
taunton,other,driving,E02006105,E02006074,67,13210,994
taunton,other,passenger,E02006105,E02006074,9,13210,994
taunton,wellington,driving,E02006105,E02006110,65,13113,1136
taunton,wellington,passenger,E02006105,E02006110,17,13113,1136
taunton,wellington,driving,E02006104,E02006111,74,17068,1125
taunton,wellington,passenger,E02006104,E02006111,4,17068,1125
taunton,wellington,driving,E02006109,E02006111,78,10264,913
taunton,wellington,passenger,E02006109,E02006111,2,10264,913
taunton,other,driving,E02006105,E02006112,78,5125,575
taunton,other,passenger,E02006105,E02006112,8,5125,575
taunton,bridgwater,driving,E02006108,E02006069,24,20703,1716
taunton,bridgwater,passenger,E02006108,E02006069,1,20703,1716
taunton,wellington,driving,E02006106,E02006110,56,10069,822
taunton,wellington,passenger,E02006106,E02006110,2,10069,822
taunton,other,driving,E02006108,E02006074,30,15166,1339
taunton,other,passenger,E02006108,E02006074,6,15166,1339
taunton,other,driving,E02006106,E02006112,40,6462,755
taunton,other,passenger,E02006106,E02006112,4,6462,755
taunton,wellington,driving,E02006104,E02006110,44,16813,1076
taunton,wellington,passenger,E02006104,E02006110,2,16813,1076
taunton,other,driving,E02006109,E02006074,30,16623,1433
taunton,other,passenger,E02006109,E02006074,2,16623,1433
taunton,other,driving,E02006107,E02006112,70,2948,322
taunton,other,passenger,E02006107,E02006112,16,2948,322
taunton,wellington,driving,E02006107,E02006110,36,13026,1255
taunton,wellington,passenger,E02006107,E02006110,3,13026,1255
taunton,bridgwater,driving,E02006106,E02006069,39,21747,1644
taunton,bridgwater,passenger,E02006106,E02006069,1,21747,1644
taunton,other,driving,E02006106,E02006074,26,16210,1267
taunton,other,passenger,E02006106,E02006074,1,16210,1267
taunton,bridgwater,driving,E02006105,E02006069,68,18747,1371
taunton,other,driving,E02006102,E02006112,56,5684,625
taunton,other,passenger,E02006102,E02006112,5,5684,625
taunton,bridgwater,driving,E02006107,E02006069,30,18773,1376
taunton,bridgwater,passenger,E02006107,E02006069,1,18773,1376
taunton,other,driving,E02006102,E02006103,52,7448,856
taunton,other,passenger,E02006102,E02006103,5,7448,856
taunton,wellington,driving,E02006102,E02006111,75,19741,1326
taunton,wellington,passenger,E02006102,E02006111,10,19741,1326
taunton,other,driving,E02006104,E02006112,63,3819,424
taunton,other,passenger,E02006104,E02006112,8,3819,424
taunton,other,driving,E02006106,E02006103,28,10685,1173
taunton,other,passenger,E02006106,E02006103,2,10685,1173
taunton,wellington,driving,E02006102,E02006110,36,19486,1277
taunton,wellington,passenger,E02006102,E02006110,6,19486,1277
taunton,bridgwater,driving,E02006104,E02006069,52,16633,1220
taunton,bridgwater,passenger,E02006104,E02006069,1,16633,1220
taunton,wellington,driving,E02006107,E02006111,67,13282,1304
taunton,wellington,passenger,E02006107,E02006111,5,13282,1304
taunton,wellington,driving,E02006100,E02006110,43,13802,1247
taunton,wellington,passenger,E02006100,E02006110,5,13802,1247
taunton,other,driving,E02006102,E02006074,32,11717,891
taunton,other,passenger,E02006102,E02006074,1,11717,891
taunton,bridgwater,driving,E02006100,E02006069,48,20357,1529
taunton,other,driving,E02006100,E02006112,49,6736,733
taunton,other,passenger,E02006100,E02006112,7,6736,733
taunton,other,driving,E02006100,E02006103,43,8504,985
taunton,other,passenger,E02006100,E02006103,3,8504,985
taunton,bridgwater,driving,E02006109,E02006069,27,22160,1810
taunton,bridgwater,passenger,E02006109,E02006069,2,22160,1810
taunton,other,driving,E02006100,E02006074,37,12773,1019
taunton,other,passenger,E02006100,E02006074,3,12773,1019
taunton,wellington,driving,E02006105,E02006111,89,13369,1185
taunton,wellington,passenger,E02006105,E02006111,21,13369,1185
taunton,bridgwater,driving,E02006102,E02006069,26,19305,1421
taunton,bridgwater,passenger,E02006102,E02006069,1,19305,1421
taunton,other,driving,E02006104,E02006074,26,11119,857
taunton,wellington,taxi,E02006100,E02006111,1,14057,1296
taunton,wellington,driving,E02006100,E02006111,57,14057,1296
taunton,wellington,passenger,E02006100,E02006111,3,14057,1296
tiverton,other,driving,E02004165,E02004169,143,14929,940
tiverton,other,passenger,E02004165,E02004169,36,14929,940
tiverton,cullompton,driving,E02004167,E02004170,71,9499,885
tiverton,cullompton,passenger,E02004167,E02004170,8,9499,885
tiverton,other,driving,E02004168,E02004171,27,12745,1189
tiverton,other,passenger,E02004168,E02004171,5,12745,1189
tiverton,other,driving,E02004167,E02004169,121,14213,832
tiverton,other,passenger,E02004167,E02004169,44,14213,832
tiverton,cullompton,driving,E02004168,E02004170,39,10222,902
tiverton,cullompton,passenger,E02004168,E02004170,3,10222,902
tiverton,exeter,driving,E02004168,E02004159,61,38242,1868
tiverton,exeter,passenger,E02004168,E02004159,7,38242,1868
tiverton,cullompton,driving,E02004165,E02004170,104,11596,1050
tiverton,cullompton,passenger,E02004165,E02004170,6,11596,1050
tiverton,other,driving,E02004165,E02004171,50,14119,1336
tiverton,other,passenger,E02004165,E02004171,6,14119,1336
tiverton,exeter,driving,E02004167,E02004156,59,24587,1915
tiverton,exeter,passenger,E02004167,E02004156,6,24587,1915
tiverton,exeter,taxi,E02004167,E02004159,2,35705,1695
tiverton,exeter,driving,E02004167,E02004159,74,35705,1695
tiverton,exeter,passenger,E02004167,E02004159,5,35705,1695
tiverton,exeter,driving,E02004168,E02004156,39,23358,1763
tiverton,exeter,passenger,E02004168,E02004156,4,23358,1763
tiverton,exeter,driving,E02004165,E02004159,144,36421,1803
tiverton,exeter,passenger,E02004165,E02004159,8,36421,1803
tiverton,other,driving,E02004167,E02004171,33,12022,1171
tiverton,other,passenger,E02004167,E02004171,3,12022,1171
tiverton,other,taxi,E02004168,E02004169,1,10220,935
tiverton,other,driving,E02004168,E02004169,95,10220,935
tiverton,other,passenger,E02004168,E02004169,18,10220,935
tiverton,exeter,driving,E02004165,E02004156,80,26684,2080
tiverton,exeter,passenger,E02004165,E02004156,11,26684,2080
wellington,taunton,taxi,E02006111,E02006104,1,16744,1045
wellington,taunton,driving,E02006111,E02006104,106,16744,1045
wellington,taunton,passenger,E02006111,E02006104,7,16744,1045
wellington,taunton,driving,E02006110,E02006106,80,9948,829
wellington,taunton,passenger,E02006110,E02006106,7,9948,829
wellington,other,driving,E02006111,E02006101,66,11812,1090
wellington,other,passenger,E02006111,E02006101,8,11812,1090
wellington,taunton,driving,E02006110,E02006109,139,9869,845
wellington,taunton,passenger,E02006110,E02006109,12,9869,845
wellington,taunton,driving,E02006110,E02006108,173,11270,1028
wellington,taunton,passenger,E02006110,E02006108,21,11270,1028
wellington,taunton,driving,E02006110,E02006104,76,16404,971
wellington,taunton,passenger,E02006110,E02006104,9,16404,971
wellington,other,driving,E02006110,E02006101,50,11119,910
wellington,other,passenger,E02006110,E02006101,9,11119,910
wellington,taunton,taxi,E02006111,E02006108,1,11610,1102
wellington,taunton,driving,E02006111,E02006108,308,11610,1102
wellington,taunton,passenger,E02006111,E02006108,34,11610,1102
wellington,taunton,driving,E02006111,E02006107,96,18860,1228
wellington,taunton,passenger,E02006111,E02006107,3,18860,1228
wellington,taunton,driving,E02006110,E02006105,114,12965,1158
wellington,taunton,passenger,E02006110,E02006105,4,12965,1158
wellington,taunton,driving,E02006111,E02006109,263,10209,919
wellington,taunton,passenger,E02006111,E02006109,18,10209,919
wellington,taunton,driving,E02006110,E02006100,57,13717,1209
wellington,taunton,passenger,E02006110,E02006100,4,13717,1209
wellington,taunton,driving,E02006111,E02006100,76,14057,1283
wellington,taunton,passenger,E02006111,E02006100,7,14057,1283
wellington,taunton,driving,E02006111,E02006106,146,10288,903
wellington,taunton,passenger,E02006111,E02006106,10,10288,903
wellington,taunton,driving,E02006110,E02006107,59,18520,1155
wellington,taunton,passenger,E02006110,E02006107,4,18520,1155
wellington,taunton,driving,E02006111,E02006105,165,13305,1231
wellington,taunton,passenger,E02006111,E02006105,7,13305,1231
weston-super-mare,other,driving,E02006846,E02006845,79,3046,281
weston-super-mare,other,passenger,E02006846,E02006845,10,3046,281
weston-super-mare,other,driving,E02006846,E02003078,53,9501,800
weston-super-mare,other,passenger,E02006846,E02003078,8,9501,800
weston-super-mare,other,driving,E02003089,E02003088,26,12661,1382
weston-super-mare,other,passenger,E02003089,E02003088,3,12661,1382
weston-super-mare,highbridge_and_burnham,driving,E02006846,E02006065,41,22531,1193
weston-super-mare,highbridge_and_burnham,passenger,E02006846,E02006065,15,22531,1193
weston-super-mare,other,driving,E02003089,E02003078,15,13428,1230
weston-super-mare,other,passenger,E02003089,E02003078,2,13428,1230
weston-super-mare,other,driving,E02003086,E02006845,40,7200,722
weston-super-mare,other,passenger,E02003086,E02006845,8,7200,722
weston-super-mare,other,driving,E02006846,E02003076,55,13213,1015
weston-super-mare,other,passenger,E02006846,E02003076,8,13213,1015
weston-super-mare,other,driving,E02006846,E02003088,88,10995,1140
weston-super-mare,other,passenger,E02006846,E02003088,27,10995,1140
weston-super-mare,other,driving,E02003085,E02006845,36,6081,603
weston-super-mare,other,passenger,E02003085,E02006845,4,6081,603
weston-super-mare,other,driving,E02003085,E02003078,28,12537,1122
weston-super-mare,other,passenger,E02003085,E02003078,8,12537,1122
weston-super-mare,other,taxi,E02003084,E02003078,8,12518,1147
weston-super-mare,other,driving,E02003084,E02003078,54,12518,1147
weston-super-mare,other,passenger,E02003084,E02003078,11,12518,1147
weston-super-mare,highbridge_and_burnham,driving,E02003086,E02006065,33,15941,1173
weston-super-mare,highbridge_and_burnham,passenger,E02003086,E02006065,10,15941,1173
weston-super-mare,other,driving,E02006846,E02003070,27,25197,1580
weston-super-mare,other,passenger,E02006846,E02003070,4,25197,1580
weston-super-mare,other,taxi,E02003084,E02006845,4,6063,628
weston-super-mare,other,driving,E02003084,E02006845,44,6063,628
weston-super-mare,other,passenger,E02003084,E02006845,6,6063,628
weston-super-mare,other,driving,E02006846,E02003077,53,20663,1634
weston-super-mare,other,driving,E02003085,E02003088,40,14031,1459
weston-super-mare,other,passenger,E02003085,E02003088,16,14031,1459
weston-super-mare,other,driving,E02003089,E02003076,26,17140,1445
weston-super-mare,other,passenger,E02003089,E02003076,1,17140,1445
weston-super-mare,other,taxi,E02003082,E02006845,1,7239,711
weston-super-mare,other,driving,E02003082,E02006845,70,7239,711
weston-super-mare,other,passenger,E02003082,E02006845,7,7239,711
weston-super-mare,other,driving,E02003085,E02003076,33,16249,1337
weston-super-mare,other,passenger,E02003085,E02003076,2,16249,1337
weston-super-mare,other,taxi,E02003081,E02006845,1,4444,572
weston-super-mare,other,driving,E02003081,E02006845,77,4444,572
weston-super-mare,other,passenger,E02003081,E02006845,7,4444,572
weston-super-mare,other,driving,E02003089,E02006845,26,6972,711
weston-super-mare,other,passenger,E02003089,E02006845,3,6972,711
weston-super-mare,highbridge_and_burnham,driving,E02003082,E02006065,52,18615,1507
weston-super-mare,highbridge_and_burnham,passenger,E02003082,E02006065,14,18615,1507
weston-super-mare,highbridge_and_burnham,driving,E02003085,E02006065,31,17063,1325
weston-super-mare,highbridge_and_burnham,passenger,E02003085,E02006065,9,17063,1325
weston-super-mare,other,taxi,E02003081,E02003088,2,12906,1398
weston-super-mare,other,driving,E02003081,E02003088,52,12906,1398
weston-super-mare,other,passenger,E02003081,E02003088,7,12906,1398
weston-super-mare,other,driving,E02003082,E02003076,41,15956,1417
weston-super-mare,other,passenger,E02003082,E02003076,5,15956,1417
weston-super-mare,highbridge_and_burnham,driving,E02003084,E02006065,43,17463,1349
weston-super-mare,highbridge_and_burnham,passenger,E02003084,E02006065,30,17463,1349
weston-super-mare,other,taxi,E02003085,E02003077,1,23699,1953
weston-super-mare,other,driving,E02003085,E02003077,24,23699,1953
weston-super-mare,bristol,driving,E02006846,E02003043,62,32980,2012
weston-super-mare,bristol,passenger,E02006846,E02003043,7,32980,2012
weston-super-mare,bristol,taxi,E02003079,E02003043,1,31903,2050
weston-super-mare,bristol,driving,E02003079,E02003043,76,31903,2050
weston-super-mare,bristol,passenger,E02003079,E02003043,4,31903,2050
weston-super-mare,other,driving,E02003086,E02003070,12,29352,2021
weston-super-mare,highbridge_and_burnham,driving,E02003081,E02006065,29,22992,1421
weston-super-mare,highbridge_and_burnham,passenger,E02003081,E02006065,5,22992,1421
weston-super-mare,other,driving,E02003089,E02003077,15,22329,1875
weston-super-mare,other,driving,E02003085,E02003070,17,28233,1902
weston-super-mare,other,passenger,E02003085,E02003070,2,28233,1902
weston-super-mare,other,driving,E02003089,E02003070,17,29124,2010
weston-super-mare,other,driving,E02003086,E02003078,21,13656,1241
weston-super-mare,other,passenger,E02003086,E02003078,5,13656,1241
weston-super-mare,other,driving,E02003086,E02003076,20,17368,1456
weston-super-mare,other,passenger,E02003086,E02003076,8,17368,1456
weston-super-mare,bristol,driving,E02003089,E02003043,24,36906,2441
weston-super-mare,bristol,passenger,E02003089,E02003043,1,36906,2441
weston-super-mare,other,driving,E02003080,E02003088,66,12499,1327
weston-super-mare,other,passenger,E02003080,E02003088,15,12499,1327
weston-super-mare,other,driving,E02003079,E02003076,69,12136,1054
weston-super-mare,other,passenger,E02003079,E02003076,11,12136,1054
weston-super-mare,other,driving,E02003082,E02003088,59,15188,1567
weston-super-mare,other,passenger,E02003082,E02003088,22,15188,1567
weston-super-mare,other,taxi,E02003080,E02003078,4,8357,819
weston-super-mare,other,driving,E02003080,E02003078,61,8357,819
weston-super-mare,other,passenger,E02003080,E02003078,8,8357,819
weston-super-mare,highbridge_and_burnham,driving,E02003080,E02006065,36,21387,1211
weston-super-mare,highbridge_and_burnham,passenger,E02003080,E02006065,6,21387,1211
weston-super-mare,other,driving,E02003080,E02006845,77,2839,362
weston-super-mare,other,passenger,E02003080,E02006845,14,2839,362
weston-super-mare,other,driving,E02003082,E02003077,47,24856,2061
weston-super-mare,other,passenger,E02003082,E02003077,4,24856,2061
weston-super-mare,other,taxi,E02003081,E02003078,1,9962,1029
weston-super-mare,other,driving,E02003081,E02003078,61,9962,1029
weston-super-mare,other,passenger,E02003081,E02003078,2,9962,1029
weston-super-mare,bristol,taxi,E02003085,E02003043,1,36015,2334
weston-super-mare,bristol,driving,E02003085,E02003043,16,36015,2334
weston-super-mare,other,driving,E02003086,E02003077,18,24818,2072
weston-super-mare,bristol,driving,E02003082,E02003043,40,35722,2413
weston-super-mare,bristol,passenger,E02003082,E02003043,4,35722,2413
weston-super-mare,highbridge_and_burnham,driving,E02003089,E02006065,25,14989,1136
weston-super-mare,highbridge_and_burnham,passenger,E02003089,E02006065,4,14989,1136
weston-super-mare,other,driving,E02003080,E02003070,28,24053,1598
weston-super-mare,other,passenger,E02003080,E02003070,1,24053,1598
weston-super-mare,other,driving,E02003084,E02003070,18,28214,1927
weston-super-mare,other,passenger,E02003084,E02003070,2,28214,1927
weston-super-mare,other,driving,E02003084,E02003088,63,14012,1484
weston-super-mare,other,passenger,E02003084,E02003088,30,14012,1484
weston-super-mare,other,driving,E02003080,E02003077,46,22777,1711
weston-super-mare,other,passenger,E02003080,E02003077,2,22777,1711
weston-super-mare,other,taxi,E02003079,E02006845,3,3622,496
weston-super-mare,other,driving,E02003079,E02006845,130,3622,496
weston-super-mare,other,passenger,E02003079,E02006845,22,3622,496
weston-super-mare,other,driving,E02003084,E02003077,28,23680,1978
weston-super-mare,other,driving,E02003081,E02003076,59,13674,1244
weston-super-mare,other,passenger,E02003081,E02003076,1,13674,1244
weston-super-mare,other,driving,E02003080,E02003076,36,12069,1034
weston-super-mare,other,passenger,E02003080,E02003076,5,12069,1034
weston-super-mare,bristol,driving,E02003086,E02003043,23,37134,2452
weston-super-mare,bristol,passenger,E02003086,E02003043,2,37134,2452
weston-super-mare,highbridge_and_burnham,driving,E02003079,E02006065,36,21454,1231
weston-super-mare,highbridge_and_burnham,passenger,E02003079,E02006065,4,21454,1231
weston-super-mare,other,driving,E02003079,E02003088,66,13700,1425
weston-super-mare,other,passenger,E02003079,E02003088,9,13700,1425
weston-super-mare,bristol,driving,E02003084,E02003043,27,35997,2358
weston-super-mare,bristol,passenger,E02003084,E02003043,1,35997,2358
weston-super-mare,bristol,driving,E02003080,E02003043,54,31835,2030
weston-super-mare,bristol,passenger,E02003080,E02003043,3,31835,2030
weston-super-mare,bristol,driving,E02003081,E02003043,46,33440,2240
weston-super-mare,bristol,passenger,E02003081,E02003043,3,33440,2240
weston-super-mare,other,taxi,E02003079,E02003078,1,8424,839
weston-super-mare,other,driving,E02003079,E02003078,111,8424,839
weston-super-mare,other,passenger,E02003079,E02003078,15,8424,839
weston-super-mare,other,driving,E02003081,E02003070,35,25658,1808
weston-super-mare,other,passenger,E02003081,E02003070,8,25658,1808
weston-super-mare,other,driving,E02003086,E02003088,43,15149,1578
weston-super-mare,other,passenger,E02003086,E02003088,20,15149,1578
weston-super-mare,other,driving,E02003082,E02003070,17,27940,1981
weston-super-mare,other,passenger,E02003082,E02003070,1,27940,1981
weston-super-mare,other,taxi,E02003082,E02003078,3,12244,1202
weston-super-mare,other,driving,E02003082,E02003078,44,12244,1202
weston-super-mare,other,passenger,E02003082,E02003078,6,12244,1202
weston-super-mare,other,driving,E02003079,E02003070,50,24120,1618
weston-super-mare,other,passenger,E02003079,E02003070,1,24120,1618
weston-super-mare,other,driving,E02003079,E02003077,72,22845,1731
weston-super-mare,other,passenger,E02003079,E02003077,3,22845,1731
weston-super-mare,other,driving,E02003081,E02003077,49,22574,1891
weston-super-mare,other,passenger,E02003081,E02003077,1,22574,1891
weston-super-mare,other,taxi,E02003084,E02003076,1,16230,1362
weston-super-mare,other,driving,E02003084,E02003076,23,16230,1362
weston-super-mare,other,passenger,E02003084,E02003076,3,16230,1362
