Year	Time of Day	Vehicle	Notes	Units	Monday	Tuesday	Wednesday	Thursday	Friday	Saturday	Sunday
2008	00:00 to 01:00	Cars and Taxis	[note 1]	Index number	16.0	12.0	12.0	14.0	15.0	23.0	27.0
2008	01:00 to 02:00	Cars and Taxis	[note 1]	Index number	9.0	7.0	7.0	7.0	8.0	14.0	17.0
2008	02:00 to 03:00	Cars and Taxis	[note 1]	Index number	6.0	5.0	5.0	5.0	6.0	10.0	11.0
2008	03:00 to 04:00	Cars and Taxis	[note 1]	Index number	7.0	6.0	5.0	6.0	7.0	9.0	8.0
2008	04:00 to 05:00	Cars and Taxis	[note 1]	Index number	14.0	10.0	9.0	10.0	11.0	11.0	8.0
2008	05:00 to 06:00	Cars and Taxis	[note 1]	Index number	39.0	30.0	28.0	28.0	28.0	20.0	12.0
2008	06:00 to 07:00	Cars and Taxis	[note 1]	Index number	97.0	88.0	86.0	86.0	79.0	36.0	21.0
2008	07:00 to 08:00	Cars and Taxis	[note 1]	Index number	175.0	178.0	178.0	178.0	162.0	63.0	35.0
2008	08:00 to 09:00	Cars and Taxis	[note 1]	Index number	185.0	194.0	194.0	194.0	177.0	100.0	54.0
2008	09:00 to 10:00	Cars and Taxis	[note 1]	Index number	145.0	147.0	149.0	149.0	141.0	139.0	94.0
2008	10:00 to 11:00	Cars and Taxis	[note 1]	Index number	138.0	128.0	131.0	131.0	143.0	177.0	140.0
2008	11:00 to 12:00	Cars and Taxis	[note 1]	Index number	142.0	127.0	130.0	131.0	155.0	195.0	168.0
2008	12:00 to 13:00	Cars and Taxis	[note 1]	Index number	142.0	130.0	134.0	135.0	167.0	193.0	177.0
2008	13:00 to 14:00	Cars and Taxis	[note 1]	Index number	143.0	134.0	139.0	141.0	177.0	182.0	170.0
2008	14:00 to 15:00	Cars and Taxis	[note 1]	Index number	145.0	142.0	147.0	149.0	186.0	169.0	167.0
2008	15:00 to 16:00	Cars and Taxis	[note 1]	Index number	160.0	162.0	168.0	170.0	202.0	160.0	172.0
2008	16:00 to 17:00	Cars and Taxis	[note 1]	Index number	192.0	199.0	205.0	206.0	218.0	159.0	181.0
2008	17:00 to 18:00	Cars and Taxis	[note 1]	Index number	208.0	216.0	220.0	222.0	221.0	159.0	172.0
2008	18:00 to 19:00	Cars and Taxis	[note 1]	Index number	158.0	167.0	172.0	178.0	184.0	135.0	150.0
2008	19:00 to 20:00	Cars and Taxis	[note 1]	Index number	101.0	105.0	112.0	122.0	143.0	102.0	125.0
2008	20:00 to 21:00	Cars and Taxis	[note 1]	Index number	69.0	70.0	74.0	84.0	103.0	72.0	99.0
2008	21:00 to 22:00	Cars and Taxis	[note 1]	Index number	52.0	53.0	56.0	62.0	71.0	54.0	72.0
2008	22:00 to 23:00	Cars and Taxis	[note 1]	Index number	37.0	41.0	43.0	46.0	51.0	45.0	48.0
2008	23:00 to 00:00	Cars and Taxis	[note 1]	Index number	22.0	24.0	26.0	28.0	36.0	38.0	29.0
2009	00:00 to 01:00	Cars and Taxis	[note 1]	Index number	16.0	12.0	12.0	13.0	15.0	23.0	27.0
2009	01:00 to 02:00	Cars and Taxis	[note 1]	Index number	9.0	7.0	7.0	8.0	8.0	13.0	16.0
2009	02:00 to 03:00	Cars and Taxis	[note 1]	Index number	6.0	5.0	5.0	6.0	6.0	9.0	10.0
2009	03:00 to 04:00	Cars and Taxis	[note 1]	Index number	7.0	5.0	5.0	6.0	6.0	8.0	8.0
2009	04:00 to 05:00	Cars and Taxis	[note 1]	Index number	14.0	10.0	9.0	10.0	10.0	10.0	8.0
2009	05:00 to 06:00	Cars and Taxis	[note 1]	Index number	37.0	29.0	28.0	28.0	27.0	18.0	12.0
2009	06:00 to 07:00	Cars and Taxis	[note 1]	Index number	94.0	87.0	85.0	82.0	76.0	34.0	21.0
2009	07:00 to 08:00	Cars and Taxis	[note 1]	Index number	177.0	179.0	177.0	172.0	159.0	60.0	34.0
2009	08:00 to 09:00	Cars and Taxis	[note 1]	Index number	187.0	197.0	197.0	190.0	175.0	98.0	55.0
2009	09:00 to 10:00	Cars and Taxis	[note 1]	Index number	143.0	148.0	149.0	145.0	139.0	138.0	96.0
2009	10:00 to 11:00	Cars and Taxis	[note 1]	Index number	139.0	129.0	132.0	131.0	144.0	176.0	143.0
2009	11:00 to 12:00	Cars and Taxis	[note 1]	Index number	144.0	128.0	132.0	134.0	157.0	194.0	172.0
2009	12:00 to 13:00	Cars and Taxis	[note 1]	Index number	145.0	131.0	136.0	139.0	169.0	191.0	178.0
2009	13:00 to 14:00	Cars and Taxis	[note 1]	Index number	145.0	135.0	141.0	144.0	179.0	182.0	172.0
2009	14:00 to 15:00	Cars and Taxis	[note 1]	Index number	148.0	143.0	149.0	153.0	189.0	168.0	170.0
2009	15:00 to 16:00	Cars and Taxis	[note 1]	Index number	161.0	162.0	169.0	172.0	204.0	161.0	175.0
2009	16:00 to 17:00	Cars and Taxis	[note 1]	Index number	192.0	202.0	207.0	208.0	219.0	159.0	183.0
2009	17:00 to 18:00	Cars and Taxis	[note 1]	Index number	207.0	218.0	222.0	221.0	222.0	157.0	172.0
2009	18:00 to 19:00	Cars and Taxis	[note 1]	Index number	156.0	165.0	171.0	174.0	183.0	134.0	149.0
2009	19:00 to 20:00	Cars and Taxis	[note 1]	Index number	99.0	104.0	112.0	118.0	140.0	101.0	125.0
2009	20:00 to 21:00	Cars and Taxis	[note 1]	Index number	69.0	69.0	74.0	83.0	101.0	72.0	98.0
2009	21:00 to 22:00	Cars and Taxis	[note 1]	Index number	51.0	53.0	56.0	61.0	70.0	53.0	72.0
2009	22:00 to 23:00	Cars and Taxis	[note 1]	Index number	37.0	41.0	43.0	44.0	51.0	45.0	47.0
2009	23:00 to 00:00	Cars and Taxis	[note 1]	Index number	22.0	24.0	26.0	27.0	35.0	38.0	29.0
2010	00:00 to 01:00	Cars and Taxis	[note 1]	Index number	15.3	11.5	12.1	13.0	14.8	21.8	25.8
2010	01:00 to 02:00	Cars and Taxis	[note 1]	Index number	8.5	6.6	6.6	7.2	8.7	12.9	15.6
2010	02:00 to 03:00	Cars and Taxis	[note 1]	Index number	5.9	5.0	5.0	5.4	6.5	8.9	10.1
2010	03:00 to 04:00	Cars and Taxis	[note 1]	Index number	6.9	5.7	5.5	5.8	6.7	8.0	8.1
2010	04:00 to 05:00	Cars and Taxis	[note 1]	Index number	14.3	10.0	9.8	10.2	10.5	10.0	8.4
2010	05:00 to 06:00	Cars and Taxis	[note 1]	Index number	39.3	30.7	30.0	29.6	27.4	18.6	12.6
2010	06:00 to 07:00	Cars and Taxis	[note 1]	Index number	98.8	90.0	88.9	87.0	75.9	34.5	21.7
2010	07:00 to 08:00	Cars and Taxis	[note 1]	Index number	181.6	183.1	181.6	179.0	154.1	59.9	35.0
2010	08:00 to 09:00	Cars and Taxis	[note 1]	Index number	191.9	200.1	198.9	195.9	170.0	97.1	55.2
2010	09:00 to 10:00	Cars and Taxis	[note 1]	Index number	145.4	149.7	150.5	149.4	135.1	136.7	95.0
2010	10:00 to 11:00	Cars and Taxis	[note 1]	Index number	140.7	129.9	131.1	132.6	141.3	173.3	141.2
2010	11:00 to 12:00	Cars and Taxis	[note 1]	Index number	143.0	128.4	129.8	134.6	155.8	192.6	171.1
2010	12:00 to 13:00	Cars and Taxis	[note 1]	Index number	143.9	131.6	133.1	139.4	167.8	189.5	177.6
2010	13:00 to 14:00	Cars and Taxis	[note 1]	Index number	142.8	135.7	138.0	144.8	177.8	176.2	170.4
2010	14:00 to 15:00	Cars and Taxis	[note 1]	Index number	147.9	143.2	146.6	153.4	188.2	164.2	167.1
2010	15:00 to 16:00	Cars and Taxis	[note 1]	Index number	161.8	163.2	167.8	173.9	203.5	156.9	172.1
2010	16:00 to 17:00	Cars and Taxis	[note 1]	Index number	194.0	203.6	207.6	213.7	218.0	156.3	180.6
2010	17:00 to 18:00	Cars and Taxis	[note 1]	Index number	211.6	222.5	223.4	223.9	218.5	155.1	170.1
2010	18:00 to 19:00	Cars and Taxis	[note 1]	Index number	157.9	168.9	173.2	179.3	180.1	133.5	146.9
2010	19:00 to 20:00	Cars and Taxis	[note 1]	Index number	99.0	105.3	110.7	119.9	136.6	100.2	121.0
2010	20:00 to 21:00	Cars and Taxis	[note 1]	Index number	67.5	69.2	73.9	83.5	96.2	69.6	94.5
2010	21:00 to 22:00	Cars and Taxis	[note 1]	Index number	51.1	53.2	55.3	61.9	67.2	52.5	68.7
2010	22:00 to 23:00	Cars and Taxis	[note 1]	Index number	36.5	41.5	42.6	44.7	48.7	44.4	45.4
2010	23:00 to 00:00	Cars and Taxis	[note 1]	Index number	21.1	23.8	25.2	27.1	33.6	36.5	27.7
2011	00:00 to 01:00	Cars and Taxis	[note 1]	Index number	15.1	11.5	12.1	12.7	14.6	21.5	25.8
2011	01:00 to 02:00	Cars and Taxis	[note 1]	Index number	8.3	6.5	6.6	6.9	8.4	13.0	15.6
2011	02:00 to 03:00	Cars and Taxis	[note 1]	Index number	5.9	4.9	5.0	5.1	6.3	9.1	10.1
2011	03:00 to 04:00	Cars and Taxis	[note 1]	Index number	6.9	5.5	5.4	5.6	6.6	8.1	8.0
2011	04:00 to 05:00	Cars and Taxis	[note 1]	Index number	13.8	10.4	9.8	9.9	10.7	10.1	8.3
2011	05:00 to 06:00	Cars and Taxis	[note 1]	Index number	38.6	31.4	30.0	29.7	28.6	19.0	12.9
2011	06:00 to 07:00	Cars and Taxis	[note 1]	Index number	97.2	93.0	90.1	88.7	79.2	35.1	22.3
2011	07:00 to 08:00	Cars and Taxis	[note 1]	Index number	174.2	183.6	181.8	179.2	160.3	59.8	35.6
2011	08:00 to 09:00	Cars and Taxis	[note 1]	Index number	183.7	196.6	197.1	195.1	174.4	96.8	55.6
2011	09:00 to 10:00	Cars and Taxis	[note 1]	Index number	142.7	146.9	147.7	146.9	139.9	135.6	96.8
2011	10:00 to 11:00	Cars and Taxis	[note 1]	Index number	140.1	129.2	131.1	132.7	145.4	172.7	142.9
2011	11:00 to 12:00	Cars and Taxis	[note 1]	Index number	145.8	128.2	130.6	134.5	158.5	191.0	172.3
2011	12:00 to 13:00	Cars and Taxis	[note 1]	Index number	145.3	130.2	133.0	137.9	169.4	187.7	179.3
2011	13:00 to 14:00	Cars and Taxis	[note 1]	Index number	144.0	133.1	136.6	142.6	178.3	176.8	169.8
2011	14:00 to 15:00	Cars and Taxis	[note 1]	Index number	146.4	140.2	145.4	151.8	188.9	163.6	166.2
2011	15:00 to 16:00	Cars and Taxis	[note 1]	Index number	159.4	160.3	166.3	172.7	204.7	155.8	171.2
2011	16:00 to 17:00	Cars and Taxis	[note 1]	Index number	191.6	201.6	206.3	210.8	222.9	155.5	180.2
2011	17:00 to 18:00	Cars and Taxis	[note 1]	Index number	209.0	221.3	225.4	227.2	223.0	154.5	171.1
2011	18:00 to 19:00	Cars and Taxis	[note 1]	Index number	157.3	167.9	173.8	180.6	185.0	131.1	149.4
2011	19:00 to 20:00	Cars and Taxis	[note 1]	Index number	100.4	104.8	111.8	121.7	140.4	98.3	123.9
2011	20:00 to 21:00	Cars and Taxis	[note 1]	Index number	69.6	69.8	75.6	84.5	99.2	69.7	97.0
2011	21:00 to 22:00	Cars and Taxis	[note 1]	Index number	51.3	52.6	55.9	62.3	68.6	52.0	69.4
2011	22:00 to 23:00	Cars and Taxis	[note 1]	Index number	36.4	40.6	42.0	44.8	50.3	44.0	45.1
2011	23:00 to 00:00	Cars and Taxis	[note 1]	Index number	21.0	23.3	24.7	27.0	34.3	36.3	27.7
2012	00:00 to 01:00	Cars and Taxis	[note 1]	Index number	15.0	11.0	12.0	12.0	14.0	21.0	26.0
2012	01:00 to 02:00	Cars and Taxis	[note 1]	Index number	8.0	6.0	6.0	7.0	8.0	13.0	16.0
2012	02:00 to 03:00	Cars and Taxis	[note 1]	Index number	6.0	5.0	5.0	5.0	6.0	9.0	10.0
2012	03:00 to 04:00	Cars and Taxis	[note 1]	Index number	7.0	5.0	5.0	6.0	6.0	8.0	8.0
2012	04:00 to 05:00	Cars and Taxis	[note 1]	Index number	14.0	10.0	10.0	10.0	11.0	10.0	9.0
2012	05:00 to 06:00	Cars and Taxis	[note 1]	Index number	39.0	32.0	31.0	31.0	29.0	19.0	13.0
2012	06:00 to 07:00	Cars and Taxis	[note 1]	Index number	97.0	93.0	92.0	90.0	81.0	36.0	23.0
2012	07:00 to 08:00	Cars and Taxis	[note 1]	Index number	173.0	182.0	183.0	182.0	163.0	61.0	36.0
2012	08:00 to 09:00	Cars and Taxis	[note 1]	Index number	182.0	195.0	198.0	197.0	177.0	99.0	56.0
2012	09:00 to 10:00	Cars and Taxis	[note 1]	Index number	141.0	145.0	147.0	148.0	140.0	138.0	96.0
2012	10:00 to 11:00	Cars and Taxis	[note 1]	Index number	138.0	127.0	131.0	133.0	146.0	176.0	142.0
2012	11:00 to 12:00	Cars and Taxis	[note 1]	Index number	145.0	127.0	131.0	135.0	160.0	195.0	172.0
2012	12:00 to 13:00	Cars and Taxis	[note 1]	Index number	145.0	129.0	134.0	139.0	171.0	191.0	180.0
2012	13:00 to 14:00	Cars and Taxis	[note 1]	Index number	145.0	131.0	137.0	143.0	179.0	179.0	171.0
2012	14:00 to 15:00	Cars and Taxis	[note 1]	Index number	148.0	139.0	145.0	153.0	189.0	167.0	168.0
2012	15:00 to 16:00	Cars and Taxis	[note 1]	Index number	160.0	159.0	166.0	174.0	206.0	159.0	172.0
2012	16:00 to 17:00	Cars and Taxis	[note 1]	Index number	192.0	200.0	206.0	212.0	226.0	158.0	180.0
2012	17:00 to 18:00	Cars and Taxis	[note 1]	Index number	207.0	219.0	224.0	228.0	226.0	157.0	168.0
2012	18:00 to 19:00	Cars and Taxis	[note 1]	Index number	155.0	167.0	174.0	181.0	186.0	133.0	146.0
2012	19:00 to 20:00	Cars and Taxis	[note 1]	Index number	98.0	104.0	112.0	121.0	140.0	100.0	119.0
2012	20:00 to 21:00	Cars and Taxis	[note 1]	Index number	67.0	69.0	75.0	83.0	98.0	70.0	92.0
2012	21:00 to 22:00	Cars and Taxis	[note 1]	Index number	50.0	52.0	56.0	61.0	68.0	52.0	65.0
2012	22:00 to 23:00	Cars and Taxis	[note 1]	Index number	35.0	40.0	42.0	44.0	50.0	45.0	43.0
2012	23:00 to 00:00	Cars and Taxis	[note 1]	Index number	20.0	23.0	24.0	26.0	34.0	37.0	26.0
2013	00:00 to 01:00	Cars and Taxis	[note 1]	Index number	15.0	11.0	12.0	12.0	14.0	21.0	26.0
2013	01:00 to 02:00	Cars and Taxis	[note 1]	Index number	8.0	7.0	6.0	7.0	8.0	12.0	15.0
2013	02:00 to 03:00	Cars and Taxis	[note 1]	Index number	6.0	5.0	5.0	5.0	6.0	8.0	10.0
2013	03:00 to 04:00	Cars and Taxis	[note 1]	Index number	7.0	6.0	5.0	6.0	6.0	8.0	8.0
2013	04:00 to 05:00	Cars and Taxis	[note 1]	Index number	14.0	11.0	10.0	10.0	11.0	10.0	8.0
2013	05:00 to 06:00	Cars and Taxis	[note 1]	Index number	40.0	33.0	32.0	32.0	30.0	20.0	13.0
2013	06:00 to 07:00	Cars and Taxis	[note 1]	Index number	102.0	97.0	95.0	94.0	84.0	36.0	23.0
2013	07:00 to 08:00	Cars and Taxis	[note 1]	Index number	179.0	184.0	184.0	183.0	164.0	62.0	37.0
2013	08:00 to 09:00	Cars and Taxis	[note 1]	Index number	186.0	193.0	194.0	194.0	174.0	100.0	58.0
2013	09:00 to 10:00	Cars and Taxis	[note 1]	Index number	144.0	145.0	147.0	147.0	140.0	139.0	99.0
2013	10:00 to 11:00	Cars and Taxis	[note 1]	Index number	139.0	128.0	129.0	133.0	145.0	175.0	146.0
2013	11:00 to 12:00	Cars and Taxis	[note 1]	Index number	144.0	127.0	129.0	134.0	159.0	193.0	175.0
2013	12:00 to 13:00	Cars and Taxis	[note 1]	Index number	144.0	129.0	131.0	138.0	171.0	189.0	181.0
2013	13:00 to 14:00	Cars and Taxis	[note 1]	Index number	143.0	133.0	135.0	142.0	179.0	178.0	173.0
2013	14:00 to 15:00	Cars and Taxis	[note 1]	Index number	146.0	141.0	144.0	152.0	189.0	165.0	169.0
2013	15:00 to 16:00	Cars and Taxis	[note 1]	Index number	160.0	161.0	165.0	173.0	204.0	158.0	173.0
2013	16:00 to 17:00	Cars and Taxis	[note 1]	Index number	192.0	201.0	205.0	211.0	220.0	158.0	179.0
2013	17:00 to 18:00	Cars and Taxis	[note 1]	Index number	208.0	217.0	222.0	226.0	219.0	155.0	168.0
2013	18:00 to 19:00	Cars and Taxis	[note 1]	Index number	157.0	166.0	173.0	180.0	181.0	131.0	147.0
2013	19:00 to 20:00	Cars and Taxis	[note 1]	Index number	100.0	103.0	110.0	121.0	137.0	99.0	121.0
2013	20:00 to 21:00	Cars and Taxis	[note 1]	Index number	69.0	68.0	73.0	83.0	97.0	70.0	94.0
2013	21:00 to 22:00	Cars and Taxis	[note 1]	Index number	51.0	51.0	55.0	61.0	68.0	52.0	67.0
2013	22:00 to 23:00	Cars and Taxis	[note 1]	Index number	36.0	39.0	41.0	44.0	49.0	45.0	44.0
2013	23:00 to 00:00	Cars and Taxis	[note 1]	Index number	20.0	22.0	24.0	26.0	34.0	37.0	26.0
2014	00:00 to 01:00	Cars and Taxis	[note 1]	Index number	15.0	11.0	12.0	12.0	14.0	21.0	25.0
2014	01:00 to 02:00	Cars and Taxis	[note 1]	Index number	8.0	6.0	7.0	7.0	8.0	12.0	15.0
2014	02:00 to 03:00	Cars and Taxis	[note 1]	Index number	6.0	5.0	5.0	5.0	6.0	9.0	10.0
2014	03:00 to 04:00	Cars and Taxis	[note 1]	Index number	7.0	6.0	6.0	6.0	6.0	8.0	8.0
2014	04:00 to 05:00	Cars and Taxis	[note 1]	Index number	15.0	11.0	10.0	10.0	11.0	10.0	8.0
2014	05:00 to 06:00	Cars and Taxis	[note 1]	Index number	42.0	34.0	33.0	33.0	31.0	19.0	13.0
2014	06:00 to 07:00	Cars and Taxis	[note 1]	Index number	107.0	100.0	97.0	96.0	86.0	37.0	22.0
2014	07:00 to 08:00	Cars and Taxis	[note 1]	Index number	180.0	185.0	180.0	180.0	162.0	63.0	37.0
2014	08:00 to 09:00	Cars and Taxis	[note 1]	Index number	185.0	193.0	189.0	188.0	169.0	100.0	57.0
2014	09:00 to 10:00	Cars and Taxis	[note 1]	Index number	144.0	146.0	144.0	147.0	139.0	140.0	98.0
2014	10:00 to 11:00	Cars and Taxis	[note 1]	Index number	139.0	128.0	129.0	132.0	144.0	175.0	143.0
2014	11:00 to 12:00	Cars and Taxis	[note 1]	Index number	142.0	126.0	130.0	134.0	156.0	192.0	173.0
2014	12:00 to 13:00	Cars and Taxis	[note 1]	Index number	142.0	128.0	133.0	138.0	168.0	188.0	181.0
2014	13:00 to 14:00	Cars and Taxis	[note 1]	Index number	141.0	131.0	136.0	142.0	174.0	177.0	173.0
2014	14:00 to 15:00	Cars and Taxis	[note 1]	Index number	145.0	141.0	145.0	152.0	184.0	166.0	169.0
2014	15:00 to 16:00	Cars and Taxis	[note 1]	Index number	160.0	162.0	165.0	173.0	201.0	159.0	174.0
2014	16:00 to 17:00	Cars and Taxis	[note 1]	Index number	193.0	204.0	203.0	209.0	213.0	158.0	182.0
2014	17:00 to 18:00	Cars and Taxis	[note 1]	Index number	209.0	219.0	219.0	222.0	215.0	156.0	171.0
2014	18:00 to 19:00	Cars and Taxis	[note 1]	Index number	160.0	170.0	173.0	179.0	179.0	133.0	148.0
2014	19:00 to 20:00	Cars and Taxis	[note 1]	Index number	102.0	107.0	113.0	123.0	136.0	101.0	125.0
2014	20:00 to 21:00	Cars and Taxis	[note 1]	Index number	69.0	71.0	75.0	85.0	97.0	72.0	98.0
2014	21:00 to 22:00	Cars and Taxis	[note 1]	Index number	51.0	53.0	55.0	62.0	68.0	54.0	70.0
2014	22:00 to 23:00	Cars and Taxis	[note 1]	Index number	36.0	40.0	41.0	45.0	50.0	45.0	45.0
2014	23:00 to 00:00	Cars and Taxis	[note 1]	Index number	21.0	22.0	24.0	26.0	35.0	37.0	27.0
2015	00:00 to 01:00	Cars and Taxis	[note 1]	Index number	14.6	11.4	12.1	12.7	14.1	21.6	26.1
2015	01:00 to 02:00	Cars and Taxis	[note 1]	Index number	8.1	6.6	6.7	7.3	8.1	12.5	15.6
2015	02:00 to 03:00	Cars and Taxis	[note 1]	Index number	5.9	5.1	5.1	5.5	6.1	8.5	9.8
2015	03:00 to 04:00	Cars and Taxis	[note 1]	Index number	7.2	6.0	5.8	6.1	6.7	8.0	8.3
2015	04:00 to 05:00	Cars and Taxis	[note 1]	Index number	14.7	11.3	10.8	10.9	11.2	10.4	8.8
2015	05:00 to 06:00	Cars and Taxis	[note 1]	Index number	42.9	36.6	35.0	34.2	32.6	20.5	13.9
2015	06:00 to 07:00	Cars and Taxis	[note 1]	Index number	104.4	103.4	100.8	97.2	88.6	38.1	24.0
2015	07:00 to 08:00	Cars and Taxis	[note 1]	Index number	172.6	182.8	180.7	174.5	160.3	63.7	38.0
2015	08:00 to 09:00	Cars and Taxis	[note 1]	Index number	174.7	187.0	186.0	179.6	164.8	101.7	58.8
2015	09:00 to 10:00	Cars and Taxis	[note 1]	Index number	138.9	142.6	142.9	139.7	135.0	140.9	101.3
2015	10:00 to 11:00	Cars and Taxis	[note 1]	Index number	138.0	127.8	129.5	129.6	143.9	175.9	147.9
2015	11:00 to 12:00	Cars and Taxis	[note 1]	Index number	143.5	127.7	130.4	133.2	157.7	192.9	176.6
2015	12:00 to 13:00	Cars and Taxis	[note 1]	Index number	143.7	129.7	133.1	137.2	167.4	190.8	183.9
2015	13:00 to 14:00	Cars and Taxis	[note 1]	Index number	143.2	132.3	136.2	141.1	173.6	180.7	177.1
2015	14:00 to 15:00	Cars and Taxis	[note 1]	Index number	148.0	141.2	145.9	151.3	182.8	168.3	173.5
2015	15:00 to 16:00	Cars and Taxis	[note 1]	Index number	162.3	162.6	168.1	171.6	198.6	161.5	176.4
2015	16:00 to 17:00	Cars and Taxis	[note 1]	Index number	193.7	201.2	205.0	205.1	216.6	160.6	181.4
2015	17:00 to 18:00	Cars and Taxis	[note 1]	Index number	206.5	215.2	217.3	215.0	215.2	157.7	168.9
2015	18:00 to 19:00	Cars and Taxis	[note 1]	Index number	157.5	166.8	171.0	173.2	179.6	134.3	147.4
2015	19:00 to 20:00	Cars and Taxis	[note 1]	Index number	101.7	106.0	111.8	118.8	136.3	101.7	122.8
2015	20:00 to 21:00	Cars and Taxis	[note 1]	Index number	70.2	71.6	76.1	83.7	97.4	73.6	96.3
2015	21:00 to 22:00	Cars and Taxis	[note 1]	Index number	51.7	53.5	56.4	61.4	69.4	55.7	69.0
2015	22:00 to 23:00	Cars and Taxis	[note 1]	Index number	36.4	40.3	41.6	44.1	51.7	47.5	44.5
2015	23:00 to 00:00	Cars and Taxis	[note 1]	Index number	20.8	22.9	23.8	26.0	35.4	38.1	26.5
2016	00:00 to 01:00	Cars and Taxis	[note 1]	Index number	10.7	9.2	10.0	10.6	12.3	20.9	25.5
2016	01:00 to 02:00	Cars and Taxis	[note 1]	Index number	5.7	5.0	5.2	5.4	6.6	11.8	15.2
2016	02:00 to 03:00	Cars and Taxis	[note 1]	Index number	4.1	3.8	3.8	3.9	4.8	7.6	9.4
2016	03:00 to 04:00	Cars and Taxis	[note 1]	Index number	4.9	4.3	4.2	4.4	5.1	6.6	7.5
2016	04:00 to 05:00	Cars and Taxis	[note 1]	Index number	10.3	8.2	8.0	8.2	8.4	7.6	7.1
2016	05:00 to 06:00	Cars and Taxis	[note 1]	Index number	33.6	29.9	29.4	29.3	27.6	16.0	11.2
2016	06:00 to 07:00	Cars and Taxis	[note 1]	Index number	87.4	85.0	83.7	82.7	75.0	29.9	19.6
2016	07:00 to 08:00	Cars and Taxis	[note 1]	Index number	175.7	177.3	175.5	173.9	158.6	54.6	33.0
2016	08:00 to 09:00	Cars and Taxis	[note 1]	Index number	200.6	204.0	203.5	204.3	188.2	94.6	52.2
2016	09:00 to 10:00	Cars and Taxis	[note 1]	Index number	141.7	146.2	146.3	147.8	143.0	134.7	96.0
2016	10:00 to 11:00	Cars and Taxis	[note 1]	Index number	134.5	131.5	132.7	135.6	145.1	168.9	141.9
2016	11:00 to 12:00	Cars and Taxis	[note 1]	Index number	140.9	134.5	136.9	140.7	156.6	186.9	167.6
2016	12:00 to 13:00	Cars and Taxis	[note 1]	Index number	143.8	139.0	142.1	145.8	168.2	190.5	181.0
2016	13:00 to 14:00	Cars and Taxis	[note 1]	Index number	143.5	139.9	142.8	147.0	171.3	181.5	172.9
2016	14:00 to 15:00	Cars and Taxis	[note 1]	Index number	150.8	149.9	153.6	156.4	181.8	170.8	165.6
2016	15:00 to 16:00	Cars and Taxis	[note 1]	Index number	172.5	175.7	179.8	182.8	206.2	162.0	163.9
2016	16:00 to 17:00	Cars and Taxis	[note 1]	Index number	202.0	209.7	211.2	213.1	220.5	160.9	162.6
2016	17:00 to 18:00	Cars and Taxis	[note 1]	Index number	220.0	227.5	229.6	229.7	220.4	155.1	145.3
2016	18:00 to 19:00	Cars and Taxis	[note 1]	Index number	162.9	173.6	177.5	180.3	178.5	132.3	124.3
2016	19:00 to 20:00	Cars and Taxis	[note 1]	Index number	107.1	115.3	119.8	125.5	132.0	102.3	101.7
2016	20:00 to 21:00	Cars and Taxis	[note 1]	Index number	72.3	77.4	81.4	87.1	90.4	71.8	77.1
2016	21:00 to 22:00	Cars and Taxis	[note 1]	Index number	52.9	58.4	60.5	64.3	65.2	54.6	55.1
2016	22:00 to 23:00	Cars and Taxis	[note 1]	Index number	35.7	40.9	42.7	45.3	50.6	46.9	36.0
2016	23:00 to 00:00	Cars and Taxis	[note 1]	Index number	18.4	20.9	22.1	24.6	34.5	36.9	20.9
2016	00:00 to 01:00	Light Commercial Vehicles	[note 1] [note 3]	Index number	10.2	9.6	10.4	11.1	13.3	20.0	24.5
2016	01:00 to 02:00	Light Commercial Vehicles	[note 1] [note 3]	Index number	6.7	6.5	6.8	7.3	8.7	13.2	16.8
2016	02:00 to 03:00	Light Commercial Vehicles	[note 1] [note 3]	Index number	5.7	5.5	5.7	6.0	7.3	9.4	11.4
2016	03:00 to 04:00	Light Commercial Vehicles	[note 1] [note 3]	Index number	7.4	7.0	6.9	7.3	8.0	8.7	9.3
2016	04:00 to 05:00	Light Commercial Vehicles	[note 1] [note 3]	Index number	16.2	13.4	13.0	13.3	12.9	10.1	8.8
2016	05:00 to 06:00	Light Commercial Vehicles	[note 1] [note 3]	Index number	44.5	38.6	37.6	37.4	34.2	18.3	12.1
2016	06:00 to 07:00	Light Commercial Vehicles	[note 1] [note 3]	Index number	113.6	110.8	109.4	108.5	97.9	36.5	20.0
2016	07:00 to 08:00	Light Commercial Vehicles	[note 1] [note 3]	Index number	204.8	209.5	206.8	206.1	188.3	66.0	33.0
2016	08:00 to 09:00	Light Commercial Vehicles	[note 1] [note 3]	Index number	216.0	220.8	219.9	219.2	202.1	96.7	49.7
2016	09:00 to 10:00	Light Commercial Vehicles	[note 1] [note 3]	Index number	173.2	176.6	176.1	176.6	168.4	125.5	81.9
2016	10:00 to 11:00	Light Commercial Vehicles	[note 1] [note 3]	Index number	156.4	156.8	157.5	159.7	164.2	146.1	112.6
2016	11:00 to 12:00	Light Commercial Vehicles	[note 1] [note 3]	Index number	158.5	157.5	159.2	162.1	173.2	157.8	130.3
2016	12:00 to 13:00	Light Commercial Vehicles	[note 1] [note 3]	Index number	158.0	158.3	161.5	165.8	180.6	158.5	140.0
2016	13:00 to 14:00	Light Commercial Vehicles	[note 1] [note 3]	Index number	158.6	159.7	163.3	167.8	185.4	149.2	133.2
2016	14:00 to 15:00	Light Commercial Vehicles	[note 1] [note 3]	Index number	168.9	171.5	176.1	179.2	197.7	139.2	126.5
2016	15:00 to 16:00	Light Commercial Vehicles	[note 1] [note 3]	Index number	191.7	199.9	203.7	207.0	217.3	133.5	125.7
2016	16:00 to 17:00	Light Commercial Vehicles	[note 1] [note 3]	Index number	212.5	221.6	224.5	224.9	214.8	130.3	123.3
2016	17:00 to 18:00	Light Commercial Vehicles	[note 1] [note 3]	Index number	195.5	204.4	207.2	208.5	191.9	122.6	109.6
2016	18:00 to 19:00	Light Commercial Vehicles	[note 1] [note 3]	Index number	143.6	154.2	158.1	162.2	150.7	102.9	94.2
2016	19:00 to 20:00	Light Commercial Vehicles	[note 1] [note 3]	Index number	92.6	100.9	105.8	111.4	109.0	80.0	75.7
2016	20:00 to 21:00	Light Commercial Vehicles	[note 1] [note 3]	Index number	59.7	64.7	68.3	73.7	72.0	55.4	57.2
2016	21:00 to 22:00	Light Commercial Vehicles	[note 1] [note 3]	Index number	40.9	44.8	46.9	51.4	49.8	42.0	40.0
2016	22:00 to 23:00	Light Commercial Vehicles	[note 1] [note 3]	Index number	27.2	31.0	32.5	35.6	38.1	36.1	26.6
2016	23:00 to 00:00	Light Commercial Vehicles	[note 1] [note 3]	Index number	16.1	18.1	19.7	22.0	28.6	31.2	16.9
2016	00:00 to 01:00	Heavy Goods Vehicles	[note 1] [note 4]	Index number	19.4	30.2	31.6	32.5	32.5	28.9	15.7
2016	01:00 to 02:00	Heavy Goods Vehicles	[note 1] [note 4]	Index number	18.7	30.0	31.1	31.9	32.1	27.8	13.6
2016	02:00 to 03:00	Heavy Goods Vehicles	[note 1] [note 4]	Index number	20.8	31.6	32.7	33.6	33.3	27.0	12.0
2016	03:00 to 04:00	Heavy Goods Vehicles	[note 1] [note 4]	Index number	27.5	37.9	39.3	39.9	39.6	29.3	12.7
2016	04:00 to 05:00	Heavy Goods Vehicles	[note 1] [note 4]	Index number	47.3	55.6	56.7	57.8	55.7	34.3	14.7
2016	05:00 to 06:00	Heavy Goods Vehicles	[note 1] [note 4]	Index number	86.4	91.9	93.1	94.4	90.4	43.6	18.1
2016	06:00 to 07:00	Heavy Goods Vehicles	[note 1] [note 4]	Index number	145.9	154.2	155.8	157.5	148.0	58.6	25.3
2016	07:00 to 08:00	Heavy Goods Vehicles	[note 1] [note 4]	Index number	183.9	195.4	199.0	200.7	191.2	75.3	33.7
2016	08:00 to 09:00	Heavy Goods Vehicles	[note 1] [note 4]	Index number	195.7	205.7	207.4	210.3	202.4	82.9	39.9
2016	09:00 to 10:00	Heavy Goods Vehicles	[note 1] [note 4]	Index number	201.6	211.7	212.5	213.8	204.6	85.6	46.3
2016	10:00 to 11:00	Heavy Goods Vehicles	[note 1] [note 4]	Index number	199.7	208.5	209.1	212.1	204.1	86.5	52.4
2016	11:00 to 12:00	Heavy Goods Vehicles	[note 1] [note 4]	Index number	202.4	210.5	210.8	213.3	206.8	84.2	56.4
2016	12:00 to 13:00	Heavy Goods Vehicles	[note 1] [note 4]	Index number	198.3	206.5	208.2	210.0	202.3	80.4	57.7
2016	13:00 to 14:00	Heavy Goods Vehicles	[note 1] [note 4]	Index number	200.0	208.8	210.9	213.3	200.7	74.2	56.5
2016	14:00 to 15:00	Heavy Goods Vehicles	[note 1] [note 4]	Index number	204.3	213.5	214.9	216.7	198.5	68.3	56.3
2016	15:00 to 16:00	Heavy Goods Vehicles	[note 1] [note 4]	Index number	199.5	208.0	209.1	210.4	185.7	64.4	55.8
2016	16:00 to 17:00	Heavy Goods Vehicles	[note 1] [note 4]	Index number	176.5	182.4	182.3	183.1	155.6	59.2	55.4
2016	17:00 to 18:00	Heavy Goods Vehicles	[note 1] [note 4]	Index number	131.0	135.4	137.2	137.8	118.7	53.2	52.7
2016	18:00 to 19:00	Heavy Goods Vehicles	[note 1] [note 4]	Index number	97.9	103.7	105.0	107.5	92.1	45.4	48.9
2016	19:00 to 20:00	Heavy Goods Vehicles	[note 1] [note 4]	Index number	73.8	78.2	80.1	82.8	72.4	35.9	42.7
2016	20:00 to 21:00	Heavy Goods Vehicles	[note 1] [note 4]	Index number	57.8	61.1	62.7	64.8	57.4	28.4	36.5
2016	21:00 to 22:00	Heavy Goods Vehicles	[note 1] [note 4]	Index number	46.6	48.8	50.2	52.0	46.0	22.7	30.1
2016	22:00 to 23:00	Heavy Goods Vehicles	[note 1] [note 4]	Index number	38.4	40.3	41.0	42.1	37.7	19.8	24.4
2016	23:00 to 00:00	Heavy Goods Vehicles	[note 1] [note 4]	Index number	33.2	34.5	35.5	36.4	31.9	17.5	21.1
2017	00:00 to 01:00	Cars and Taxis	[note 1]	Index number	11.4	9.9	10.7	11.3	13.0	21.6	26.3
2017	01:00 to 02:00	Cars and Taxis	[note 1]	Index number	6.2	5.5	5.7	5.9	7.0	12.5	15.8
2017	02:00 to 03:00	Cars and Taxis	[note 1]	Index number	4.5	4.1	4.2	4.4	5.1	8.3	10.1
2017	03:00 to 04:00	Cars and Taxis	[note 1]	Index number	5.4	4.7	4.7	5.0	5.4	7.3	8.1
2017	04:00 to 05:00	Cars and Taxis	[note 1]	Index number	11.0	8.9	8.9	9.0	9.2	8.4	7.8
2017	05:00 to 06:00	Cars and Taxis	[note 1]	Index number	35.1	31.6	31.1	31.0	29.6	17.2	12.1
2017	06:00 to 07:00	Cars and Taxis	[note 1]	Index number	89.1	87.6	86.3	85.4	78.5	31.6	20.9
2017	07:00 to 08:00	Cars and Taxis	[note 1]	Index number	174.8	176.6	175.4	173.1	159.8	56.1	33.7
2017	08:00 to 09:00	Cars and Taxis	[note 1]	Index number	197.9	202.1	201.9	201.2	189.7	96.5	53.3
2017	09:00 to 10:00	Cars and Taxis	[note 1]	Index number	140.7	144.7	145.2	146.4	143.9	136.4	97.0
2017	10:00 to 11:00	Cars and Taxis	[note 1]	Index number	133.7	129.9	131.1	134.4	144.6	169.9	141.8
2017	11:00 to 12:00	Cars and Taxis	[note 1]	Index number	139.5	132.6	135.3	139.4	156.1	187.2	167.1
2017	12:00 to 13:00	Cars and Taxis	[note 1]	Index number	143.1	138.0	140.9	144.6	167.6	190.8	179.2
2017	13:00 to 14:00	Cars and Taxis	[note 1]	Index number	143.3	139.6	142.6	145.8	171.3	181.6	171.9
2017	14:00 to 15:00	Cars and Taxis	[note 1]	Index number	151.7	149.9	154.0	156.6	182.3	170.9	165.5
2017	15:00 to 16:00	Cars and Taxis	[note 1]	Index number	172.9	175.5	180.4	182.7	207.0	162.9	163.8
2017	16:00 to 17:00	Cars and Taxis	[note 1]	Index number	202.2	207.9	210.1	212.4	220.3	161.9	161.2
2017	17:00 to 18:00	Cars and Taxis	[note 1]	Index number	217.7	224.4	226.8	226.8	219.7	156.3	144.4
2017	18:00 to 19:00	Cars and Taxis	[note 1]	Index number	161.3	171.4	175.1	178.2	177.6	133.6	123.8
2017	19:00 to 20:00	Cars and Taxis	[note 1]	Index number	105.7	113.7	117.4	124.0	130.9	103.0	100.9
2017	20:00 to 21:00	Cars and Taxis	[note 1]	Index number	72.4	77.0	81.0	87.1	90.6	73.5	77.4
2017	21:00 to 22:00	Cars and Taxis	[note 1]	Index number	53.4	58.4	60.6	64.5	66.3	56.7	55.2
2017	22:00 to 23:00	Cars and Taxis	[note 1]	Index number	35.8	41.3	43.1	45.7	51.8	48.8	36.4
2017	23:00 to 00:00	Cars and Taxis	[note 1]	Index number	18.8	21.3	22.8	25.2	35.3	38.2	21.3
2017	00:00 to 01:00	Light Commercial Vehicles	[note 1] [note 3]	Index number	10.8	10.0	10.9	11.8	13.8	20.1	24.7
2017	01:00 to 02:00	Light Commercial Vehicles	[note 1] [note 3]	Index number	7.1	6.7	7.1	7.6	9.1	13.3	16.5
2017	02:00 to 03:00	Light Commercial Vehicles	[note 1] [note 3]	Index number	6.0	6.0	6.2	6.5	7.5	9.9	11.5
2017	03:00 to 04:00	Light Commercial Vehicles	[note 1] [note 3]	Index number	7.9	7.4	7.4	7.8	8.4	9.0	9.5
2017	04:00 to 05:00	Light Commercial Vehicles	[note 1] [note 3]	Index number	16.5	13.8	13.4	13.8	13.7	10.6	9.3
2017	05:00 to 06:00	Light Commercial Vehicles	[note 1] [note 3]	Index number	44.9	39.5	38.7	38.1	35.6	18.9	12.4
2017	06:00 to 07:00	Light Commercial Vehicles	[note 1] [note 3]	Index number	115.2	114.5	112.6	111.5	102.8	37.6	20.3
2017	07:00 to 08:00	Light Commercial Vehicles	[note 1] [note 3]	Index number	204.9	208.7	207.8	205.9	192.1	67.6	33.3
2017	08:00 to 09:00	Light Commercial Vehicles	[note 1] [note 3]	Index number	213.6	219.5	219.0	218.9	204.6	98.5	50.6
2017	09:00 to 10:00	Light Commercial Vehicles	[note 1] [note 3]	Index number	172.5	176.3	176.9	176.0	170.7	125.8	82.0
2017	10:00 to 11:00	Light Commercial Vehicles	[note 1] [note 3]	Index number	155.6	155.6	156.0	158.5	165.3	146.6	111.4
2017	11:00 to 12:00	Light Commercial Vehicles	[note 1] [note 3]	Index number	156.6	156.2	158.7	161.0	173.6	157.3	129.0
2017	12:00 to 13:00	Light Commercial Vehicles	[note 1] [note 3]	Index number	157.0	157.4	161.1	163.8	181.8	157.8	137.0
2017	13:00 to 14:00	Light Commercial Vehicles	[note 1] [note 3]	Index number	157.6	158.8	162.9	166.6	186.0	148.1	131.3
2017	14:00 to 15:00	Light Commercial Vehicles	[note 1] [note 3]	Index number	166.0	171.3	176.0	179.2	198.9	139.1	125.5
2017	15:00 to 16:00	Light Commercial Vehicles	[note 1] [note 3]	Index number	192.4	199.9	203.9	206.8	219.5	132.8	124.9
2017	16:00 to 17:00	Light Commercial Vehicles	[note 1] [note 3]	Index number	212.9	221.6	223.9	225.5	216.9	131.0	122.2
2017	17:00 to 18:00	Light Commercial Vehicles	[note 1] [note 3]	Index number	194.4	204.7	206.5	208.7	193.8	122.9	108.5
2017	18:00 to 19:00	Light Commercial Vehicles	[note 1] [note 3]	Index number	141.7	152.7	156.6	161.2	150.0	103.9	93.4
2017	19:00 to 20:00	Light Commercial Vehicles	[note 1] [note 3]	Index number	91.2	98.8	103.4	109.7	108.3	80.8	75.6
2017	20:00 to 21:00	Light Commercial Vehicles	[note 1] [note 3]	Index number	59.4	63.9	67.2	73.6	72.5	56.6	57.2
2017	21:00 to 22:00	Light Commercial Vehicles	[note 1] [note 3]	Index number	40.9	44.7	46.8	51.1	50.7	43.1	39.8
2017	22:00 to 23:00	Light Commercial Vehicles	[note 1] [note 3]	Index number	27.2	30.7	32.9	35.7	39.0	37.4	26.6
2017	23:00 to 00:00	Light Commercial Vehicles	[note 1] [note 3]	Index number	16.1	18.4	19.8	22.5	28.5	31.3	17.3
2017	00:00 to 01:00	Heavy Goods Vehicles	[note 1] [note 4]	Index number	19.4	30.5	32.0	33.0	33.6	29.3	15.7
2017	01:00 to 02:00	Heavy Goods Vehicles	[note 1] [note 4]	Index number	19.0	30.2	31.7	32.6	33.0	28.1	13.6
2017	02:00 to 03:00	Heavy Goods Vehicles	[note 1] [note 4]	Index number	20.9	32.0	33.2	34.2	34.4	27.8	12.1
2017	03:00 to 04:00	Heavy Goods Vehicles	[note 1] [note 4]	Index number	27.9	38.7	40.1	40.7	40.5	29.7	12.8
2017	04:00 to 05:00	Heavy Goods Vehicles	[note 1] [note 4]	Index number	47.6	56.3	57.4	58.2	57.1	35.1	14.9
2017	05:00 to 06:00	Heavy Goods Vehicles	[note 1] [note 4]	Index number	86.7	92.7	94.3	95.1	92.5	45.0	18.4
2017	06:00 to 07:00	Heavy Goods Vehicles	[note 1] [note 4]	Index number	145.7	155.0	157.4	159.2	152.6	60.0	25.5
2017	07:00 to 08:00	Heavy Goods Vehicles	[note 1] [note 4]	Index number	183.6	195.0	199.6	200.9	195.9	76.9	33.6
2017	08:00 to 09:00	Heavy Goods Vehicles	[note 1] [note 4]	Index number	196.0	205.6	208.5	209.8	205.6	84.2	39.5
2017	09:00 to 10:00	Heavy Goods Vehicles	[note 1] [note 4]	Index number	202.0	211.9	214.6	215.0	208.0	86.7	45.9
2017	10:00 to 11:00	Heavy Goods Vehicles	[note 1] [note 4]	Index number	199.6	209.2	210.6	212.0	207.0	87.2	51.3
2017	11:00 to 12:00	Heavy Goods Vehicles	[note 1] [note 4]	Index number	201.4	210.0	211.7	212.9	209.2	84.9	55.3
2017	12:00 to 13:00	Heavy Goods Vehicles	[note 1] [note 4]	Index number	197.5	207.1	208.9	209.8	204.7	80.8	56.5
2017	13:00 to 14:00	Heavy Goods Vehicles	[note 1] [note 4]	Index number	199.4	208.9	211.2	211.7	202.5	74.5	55.8
2017	14:00 to 15:00	Heavy Goods Vehicles	[note 1] [note 4]	Index number	203.5	213.4	215.2	216.5	200.7	69.2	55.1
2017	15:00 to 16:00	Heavy Goods Vehicles	[note 1] [note 4]	Index number	197.9	206.0	207.2	208.2	186.8	64.8	54.8
2017	16:00 to 17:00	Heavy Goods Vehicles	[note 1] [note 4]	Index number	173.6	179.0	179.5	179.7	156.0	59.6	54.2
2017	17:00 to 18:00	Heavy Goods Vehicles	[note 1] [note 4]	Index number	129.3	134.3	135.2	135.3	119.0	53.8	51.6
2017	18:00 to 19:00	Heavy Goods Vehicles	[note 1] [note 4]	Index number	96.7	102.3	104.1	105.9	92.1	45.8	47.5
2017	19:00 to 20:00	Heavy Goods Vehicles	[note 1] [note 4]	Index number	72.7	77.1	79.1	81.8	72.2	36.5	42.4
2017	20:00 to 21:00	Heavy Goods Vehicles	[note 1] [note 4]	Index number	56.9	59.7	61.5	63.7	56.7	28.7	35.8
2017	21:00 to 22:00	Heavy Goods Vehicles	[note 1] [note 4]	Index number	45.9	48.2	49.6	51.1	45.6	23.3	29.5
2017	22:00 to 23:00	Heavy Goods Vehicles	[note 1] [note 4]	Index number	37.6	39.8	41.0	41.9	37.7	19.9	23.6
2017	23:00 to 00:00	Heavy Goods Vehicles	[note 1] [note 4]	Index number	33.3	35.0	36.2	36.8	32.5	17.8	21.1
2018	00:00 to 01:00	Cars and Taxis	[note 1]	Index number	11.5	9.9	10.7	11.4	13.0	21.2	26.0
2018	01:00 to 02:00	Cars and Taxis	[note 1]	Index number	6.5	5.6	5.8	6.1	7.1	12.3	15.4
2018	02:00 to 03:00	Cars and Taxis	[note 1]	Index number	4.7	4.2	4.3	4.6	5.2	8.3	10.0
2018	03:00 to 04:00	Cars and Taxis	[note 1]	Index number	5.7	4.9	4.9	5.2	5.7	7.4	8.1
2018	04:00 to 05:00	Cars and Taxis	[note 1]	Index number	11.3	9.4	9.2	9.5	9.7	8.7	7.9
2018	05:00 to 06:00	Cars and Taxis	[note 1]	Index number	36.2	33.2	32.6	32.3	30.8	17.6	12.3
2018	06:00 to 07:00	Cars and Taxis	[note 1]	Index number	90.9	90.4	88.9	87.6	80.1	32.3	21.4
2018	07:00 to 08:00	Cars and Taxis	[note 1]	Index number	175.8	179.2	177.2	174.3	160.1	57.4	34.7
2018	08:00 to 09:00	Cars and Taxis	[note 1]	Index number	195.7	202.1	201.2	199.3	186.8	98.1	54.7
2018	09:00 to 10:00	Cars and Taxis	[note 1]	Index number	140.6	145.0	145.3	146.3	144.0	138.0	98.4
2018	10:00 to 11:00	Cars and Taxis	[note 1]	Index number	134.2	130.0	130.9	134.2	145.4	170.5	143.5
2018	11:00 to 12:00	Cars and Taxis	[note 1]	Index number	140.5	132.8	135.3	138.8	156.9	187.5	168.9
2018	12:00 to 13:00	Cars and Taxis	[note 1]	Index number	144.3	138.1	140.9	144.4	168.4	190.5	180.8
2018	13:00 to 14:00	Cars and Taxis	[note 1]	Index number	143.7	139.0	142.0	145.3	171.2	181.2	173.0
2018	14:00 to 15:00	Cars and Taxis	[note 1]	Index number	152.9	150.8	154.2	157.3	182.5	170.1	165.5
2018	15:00 to 16:00	Cars and Taxis	[note 1]	Index number	173.7	176.3	180.9	182.6	206.2	160.7	163.4
2018	16:00 to 17:00	Cars and Taxis	[note 1]	Index number	201.8	207.7	209.7	210.8	217.3	159.3	160.3
2018	17:00 to 18:00	Cars and Taxis	[note 1]	Index number	215.0	222.7	224.2	223.8	216.2	154.2	143.2
2018	18:00 to 19:00	Cars and Taxis	[note 1]	Index number	159.4	170.4	173.3	176.1	175.6	132.2	123.3
2018	19:00 to 20:00	Cars and Taxis	[note 1]	Index number	105.2	112.6	116.7	122.3	129.3	101.9	100.5
2018	20:00 to 21:00	Cars and Taxis	[note 1]	Index number	72.0	76.4	80.2	85.9	89.5	73.1	77.6
2018	21:00 to 22:00	Cars and Taxis	[note 1]	Index number	53.5	58.0	60.2	64.2	65.9	56.9	55.2
2018	22:00 to 23:00	Cars and Taxis	[note 1]	Index number	35.7	41.1	43.1	45.5	51.6	49.1	36.3
2018	23:00 to 00:00	Cars and Taxis	[note 1]	Index number	18.8	21.2	22.7	25.1	34.9	38.0	21.2
2018	00:00 to 01:00	Light Commercial Vehicles	[note 1] [note 3]	Index number	11.2	10.0	11.0	12.0	13.8	19.9	24.1
2018	01:00 to 02:00	Light Commercial Vehicles	[note 1] [note 3]	Index number	7.5	6.7	7.3	7.7	9.2	13.1	16.0
2018	02:00 to 03:00	Light Commercial Vehicles	[note 1] [note 3]	Index number	6.4	6.0	6.4	6.7	7.6	9.8	11.2
2018	03:00 to 04:00	Light Commercial Vehicles	[note 1] [note 3]	Index number	8.2	7.5	7.5	8.0	8.5	9.0	9.4
2018	04:00 to 05:00	Light Commercial Vehicles	[note 1] [note 3]	Index number	16.8	14.1	13.6	14.0	13.7	10.7	9.4
2018	05:00 to 06:00	Light Commercial Vehicles	[note 1] [note 3]	Index number	46.5	41.5	40.3	39.7	37.2	19.1	12.6
2018	06:00 to 07:00	Light Commercial Vehicles	[note 1] [note 3]	Index number	118.0	118.7	116.5	115.5	105.7	37.8	20.8
2018	07:00 to 08:00	Light Commercial Vehicles	[note 1] [note 3]	Index number	205.7	211.6	210.5	207.9	193.0	67.8	33.8
2018	08:00 to 09:00	Light Commercial Vehicles	[note 1] [note 3]	Index number	212.1	219.2	218.8	218.4	203.1	99.2	51.1
2018	09:00 to 10:00	Light Commercial Vehicles	[note 1] [note 3]	Index number	172.0	176.4	176.4	175.9	170.2	127.0	83.5
2018	10:00 to 11:00	Light Commercial Vehicles	[note 1] [note 3]	Index number	154.7	154.5	154.9	157.6	164.3	146.5	112.8
2018	11:00 to 12:00	Light Commercial Vehicles	[note 1] [note 3]	Index number	156.0	154.9	157.0	159.0	172.7	157.0	130.9
2018	12:00 to 13:00	Light Commercial Vehicles	[note 1] [note 3]	Index number	156.9	157.2	159.7	163.0	180.9	157.4	139.0
2018	13:00 to 14:00	Light Commercial Vehicles	[note 1] [note 3]	Index number	156.3	158.7	162.0	164.8	185.5	148.4	132.6
2018	14:00 to 15:00	Light Commercial Vehicles	[note 1] [note 3]	Index number	166.6	172.2	175.4	178.8	198.3	138.4	126.4
2018	15:00 to 16:00	Light Commercial Vehicles	[note 1] [note 3]	Index number	192.6	202.2	205.1	207.6	217.9	130.7	124.6
2018	16:00 to 17:00	Light Commercial Vehicles	[note 1] [note 3]	Index number	210.8	221.7	223.8	222.8	214.7	128.8	121.7
2018	17:00 to 18:00	Light Commercial Vehicles	[note 1] [note 3]	Index number	192.2	203.4	204.9	206.4	190.4	121.5	108.1
2018	18:00 to 19:00	Light Commercial Vehicles	[note 1] [note 3]	Index number	139.4	151.6	154.9	159.0	148.3	102.6	93.5
2018	19:00 to 20:00	Light Commercial Vehicles	[note 1] [note 3]	Index number	90.4	98.1	101.9	108.5	106.3	79.3	75.6
2018	20:00 to 21:00	Light Commercial Vehicles	[note 1] [note 3]	Index number	59.1	63.2	66.6	72.5	71.1	55.8	57.6
2018	21:00 to 22:00	Light Commercial Vehicles	[note 1] [note 3]	Index number	41.4	44.6	46.7	51.4	50.2	43.0	40.0
2018	22:00 to 23:00	Light Commercial Vehicles	[note 1] [note 3]	Index number	27.3	31.1	32.9	35.5	38.5	37.5	26.7
2018	23:00 to 00:00	Light Commercial Vehicles	[note 1] [note 3]	Index number	16.3	18.3	19.8	22.5	28.5	31.3	17.4
2018	00:00 to 01:00	Heavy Goods Vehicles	[note 1] [note 4]	Index number	19.9	31.3	33.1	33.9	34.3	29.9	16.1
2018	01:00 to 02:00	Heavy Goods Vehicles	[note 1] [note 4]	Index number	19.3	30.5	32.5	33.2	33.8	28.5	13.7
2018	02:00 to 03:00	Heavy Goods Vehicles	[note 1] [note 4]	Index number	21.3	32.3	33.9	34.7	35.2	28.1	12.6
2018	03:00 to 04:00	Heavy Goods Vehicles	[note 1] [note 4]	Index number	28.3	39.1	40.7	41.4	41.5	30.1	13.2
2018	04:00 to 05:00	Heavy Goods Vehicles	[note 1] [note 4]	Index number	47.9	57.4	58.7	59.4	57.9	35.9	15.4
2018	05:00 to 06:00	Heavy Goods Vehicles	[note 1] [note 4]	Index number	87.4	95.0	96.7	97.0	94.1	45.5	19.0
2018	06:00 to 07:00	Heavy Goods Vehicles	[note 1] [note 4]	Index number	145.0	156.2	158.0	159.4	153.4	60.8	26.6
2018	07:00 to 08:00	Heavy Goods Vehicles	[note 1] [note 4]	Index number	180.8	194.4	198.2	199.8	195.1	77.6	34.4
2018	08:00 to 09:00	Heavy Goods Vehicles	[note 1] [note 4]	Index number	193.2	204.5	206.8	208.3	204.1	84.1	40.4
2018	09:00 to 10:00	Heavy Goods Vehicles	[note 1] [note 4]	Index number	199.4	211.1	212.8	214.3	206.5	86.2	46.6
2018	10:00 to 11:00	Heavy Goods Vehicles	[note 1] [note 4]	Index number	197.8	209.1	210.0	211.7	206.6	86.6	52.2
2018	11:00 to 12:00	Heavy Goods Vehicles	[note 1] [note 4]	Index number	199.7	210.7	211.6	213.2	208.3	84.2	56.1
2018	12:00 to 13:00	Heavy Goods Vehicles	[note 1] [note 4]	Index number	196.0	207.4	208.4	210.5	203.9	79.9	57.0
2018	13:00 to 14:00	Heavy Goods Vehicles	[note 1] [note 4]	Index number	197.1	209.1	210.9	212.1	201.1	73.9	56.1
2018	14:00 to 15:00	Heavy Goods Vehicles	[note 1] [note 4]	Index number	200.3	213.0	214.0	215.3	198.3	68.7	55.4
2018	15:00 to 16:00	Heavy Goods Vehicles	[note 1] [note 4]	Index number	194.4	204.7	206.1	206.5	183.7	63.8	55.2
2018	16:00 to 17:00	Heavy Goods Vehicles	[note 1] [note 4]	Index number	169.2	176.0	176.4	176.5	152.6	58.9	54.5
2018	17:00 to 18:00	Heavy Goods Vehicles	[note 1] [note 4]	Index number	126.8	132.2	133.6	133.8	117.4	53.1	51.9
2018	18:00 to 19:00	Heavy Goods Vehicles	[note 1] [note 4]	Index number	95.8	102.1	104.1	105.8	91.5	45.5	48.2
2018	19:00 to 20:00	Heavy Goods Vehicles	[note 1] [note 4]	Index number	71.6	77.1	79.0	81.3	71.8	36.5	42.8
2018	20:00 to 21:00	Heavy Goods Vehicles	[note 1] [note 4]	Index number	56.4	60.2	61.7	63.8	57.0	29.0	36.8
2018	21:00 to 22:00	Heavy Goods Vehicles	[note 1] [note 4]	Index number	45.4	48.0	49.4	50.8	45.5	23.7	30.1
2018	22:00 to 23:00	Heavy Goods Vehicles	[note 1] [note 4]	Index number	37.6	40.2	41.2	42.4	37.8	20.4	24.4
2018	23:00 to 00:00	Heavy Goods Vehicles	[note 1] [note 4]	Index number	33.3	35.7	36.9	37.3	33.0	18.1	21.9
2019	00:00 to 01:00	Cars and Taxis	[note 1]	Index number	11.2	10.1	10.5	11.0	12.7	21.0	25.8
2019	01:00 to 02:00	Cars and Taxis	[note 1]	Index number	6.2	5.8	5.7	6.0	7.0	12.2	15.2
2019	02:00 to 03:00	Cars and Taxis	[note 1]	Index number	4.6	4.4	4.3	4.5	5.2	8.2	9.9
2019	03:00 to 04:00	Cars and Taxis	[note 1]	Index number	5.7	5.1	4.9	5.2	5.8	7.3	8.0
2019	04:00 to 05:00	Cars and Taxis	[note 1]	Index number	11.6	9.5	9.4	9.6	9.8	8.6	7.9
2019	05:00 to 06:00	Cars and Taxis	[note 1]	Index number	37.1	33.2	32.7	32.7	31.3	17.7	12.7
2019	06:00 to 07:00	Cars and Taxis	[note 1]	Index number	92.1	89.4	88.6	87.7	80.6	32.7	22.0
2019	07:00 to 08:00	Cars and Taxis	[note 1]	Index number	175.5	174.6	173.9	172.3	159.2	57.9	35.6
2019	08:00 to 09:00	Cars and Taxis	[note 1]	Index number	194.2	196.3	196.5	196.7	185.2	99.0	56.0
2019	09:00 to 10:00	Cars and Taxis	[note 1]	Index number	141.2	142.8	143.8	145.6	144.6	139.3	100.1
2019	10:00 to 11:00	Cars and Taxis	[note 1]	Index number	136.4	129.7	131.1	135.1	146.4	171.5	145.2
2019	11:00 to 12:00	Cars and Taxis	[note 1]	Index number	142.0	133.3	135.5	139.9	157.9	188.6	170.3
2019	12:00 to 13:00	Cars and Taxis	[note 1]	Index number	145.7	138.8	141.1	145.6	169.6	191.9	182.1
2019	13:00 to 14:00	Cars and Taxis	[note 1]	Index number	145.4	140.2	142.2	146.6	172.5	183.1	175.4
2019	14:00 to 15:00	Cars and Taxis	[note 1]	Index number	154.4	152.0	154.5	158.3	184.7	171.4	168.2
2019	15:00 to 16:00	Cars and Taxis	[note 1]	Index number	175.5	176.7	180.1	184.1	207.1	162.4	165.3
2019	16:00 to 17:00	Cars and Taxis	[note 1]	Index number	202.2	205.0	207.2	210.6	217.5	161.0	162.4
2019	17:00 to 18:00	Cars and Taxis	[note 1]	Index number	215.2	218.1	220.6	222.7	215.7	155.2	144.7
2019	18:00 to 19:00	Cars and Taxis	[note 1]	Index number	159.5	167.0	170.8	175.2	174.8	132.5	123.5
2019	19:00 to 20:00	Cars and Taxis	[note 1]	Index number	105.6	111.5	115.7	122.2	128.6	102.1	100.4
2019	20:00 to 21:00	Cars and Taxis	[note 1]	Index number	72.3	75.8	79.6	85.9	89.2	73.2	77.4
2019	21:00 to 22:00	Cars and Taxis	[note 1]	Index number	53.0	57.0	59.4	63.8	65.4	57.0	54.4
2019	22:00 to 23:00	Cars and Taxis	[note 1]	Index number	35.5	40.0	42.5	45.2	51.2	49.4	35.8
2019	23:00 to 00:00	Cars and Taxis	[note 1]	Index number	18.5	20.7	22.2	24.8	34.6	38.0	21.0
2019	00:00 to 01:00	Light Commercial Vehicles	[note 1] [note 3]	Index number	10.8	9.9	10.8	11.5	13.3	19.3	23.4
2019	01:00 to 02:00	Light Commercial Vehicles	[note 1] [note 3]	Index number	7.3	6.8	7.2	7.5	8.9	12.7	15.5
2019	02:00 to 03:00	Light Commercial Vehicles	[note 1] [note 3]	Index number	6.3	6.0	6.3	6.6	7.4	9.4	10.9
2019	03:00 to 04:00	Light Commercial Vehicles	[note 1] [note 3]	Index number	8.2	7.5	7.5	8.0	8.5	8.7	9.1
2019	04:00 to 05:00	Light Commercial Vehicles	[note 1] [note 3]	Index number	17.0	13.9	13.6	13.9	13.6	10.4	9.2
2019	05:00 to 06:00	Light Commercial Vehicles	[note 1] [note 3]	Index number	47.2	40.7	40.3	39.7	37.2	18.9	12.5
2019	06:00 to 07:00	Light Commercial Vehicles	[note 1] [note 3]	Index number	120.9	116.9	116.8	115.7	106.4	37.8	20.6
2019	07:00 to 08:00	Light Commercial Vehicles	[note 1] [note 3]	Index number	210.7	210.0	211.5	209.4	194.5	68.1	34.0
2019	08:00 to 09:00	Light Commercial Vehicles	[note 1] [note 3]	Index number	216.4	217.4	219.4	219.1	204.9	99.5	51.6
2019	09:00 to 10:00	Light Commercial Vehicles	[note 1] [note 3]	Index number	174.5	174.9	176.7	177.4	171.7	127.6	84.4
2019	10:00 to 11:00	Light Commercial Vehicles	[note 1] [note 3]	Index number	157.0	153.9	155.4	158.1	165.8	146.4	113.2
2019	11:00 to 12:00	Light Commercial Vehicles	[note 1] [note 3]	Index number	157.6	154.7	157.8	160.4	174.4	157.0	131.0
2019	12:00 to 13:00	Light Commercial Vehicles	[note 1] [note 3]	Index number	158.1	156.8	160.3	164.1	182.4	157.3	138.4
2019	13:00 to 14:00	Light Commercial Vehicles	[note 1] [note 3]	Index number	157.8	158.1	162.2	165.2	186.6	148.4	132.7
2019	14:00 to 15:00	Light Commercial Vehicles	[note 1] [note 3]	Index number	168.5	171.4	176.1	179.5	200.3	137.7	126.5
2019	15:00 to 16:00	Light Commercial Vehicles	[note 1] [note 3]	Index number	195.5	200.8	205.8	209.0	219.9	130.6	124.7
2019	16:00 to 17:00	Light Commercial Vehicles	[note 1] [note 3]	Index number	214.4	219.5	224.2	224.6	215.9	128.3	121.7
2019	17:00 to 18:00	Light Commercial Vehicles	[note 1] [note 3]	Index number	193.9	199.2	204.1	205.8	189.8	121.0	108.2
2019	18:00 to 19:00	Light Commercial Vehicles	[note 1] [note 3]	Index number	139.6	148.0	152.9	157.9	147.2	102.0	93.1
2019	19:00 to 20:00	Light Commercial Vehicles	[note 1] [note 3]	Index number	90.4	95.8	100.7	107.4	105.1	78.4	74.8
2019	20:00 to 21:00	Light Commercial Vehicles	[note 1] [note 3]	Index number	58.5	61.5	65.6	71.6	70.1	54.9	56.3
2019	21:00 to 22:00	Light Commercial Vehicles	[note 1] [note 3]	Index number	40.6	43.2	45.7	50.5	49.0	42.2	39.2
2019	22:00 to 23:00	Light Commercial Vehicles	[note 1] [note 3]	Index number	26.6	30.0	32.0	34.7	37.4	36.7	26.0
2019	23:00 to 00:00	Light Commercial Vehicles	[note 1] [note 3]	Index number	15.8	17.9	19.1	21.9	27.6	30.6	17.0
2019	00:00 to 01:00	Heavy Goods Vehicles	[note 1] [note 4]	Index number	20.2	31.4	33.4	34.0	34.8	30.2	15.9
2019	01:00 to 02:00	Heavy Goods Vehicles	[note 1] [note 4]	Index number	19.9	30.7	32.7	33.5	34.1	28.8	13.9
2019	02:00 to 03:00	Heavy Goods Vehicles	[note 1] [note 4]	Index number	21.8	32.5	34.2	35.2	35.6	28.4	12.9
2019	03:00 to 04:00	Heavy Goods Vehicles	[note 1] [note 4]	Index number	29.2	39.4	41.1	42.2	41.9	30.5	13.5
2019	04:00 to 05:00	Heavy Goods Vehicles	[note 1] [note 4]	Index number	49.4	57.5	59.0	60.3	58.9	36.4	15.7
2019	05:00 to 06:00	Heavy Goods Vehicles	[note 1] [note 4]	Index number	89.9	94.7	97.3	98.0	95.6	45.7	19.3
2019	06:00 to 07:00	Heavy Goods Vehicles	[note 1] [note 4]	Index number	149.1	155.6	158.7	160.7	156.0	61.2	26.8
2019	07:00 to 08:00	Heavy Goods Vehicles	[note 1] [note 4]	Index number	185.2	191.6	197.5	199.9	196.5	77.0	34.3
2019	08:00 to 09:00	Heavy Goods Vehicles	[note 1] [note 4]	Index number	198.6	203.0	207.1	209.0	205.9	83.4	40.3
2019	09:00 to 10:00	Heavy Goods Vehicles	[note 1] [note 4]	Index number	204.9	209.7	213.8	214.9	209.8	85.5	46.1
2019	10:00 to 11:00	Heavy Goods Vehicles	[note 1] [note 4]	Index number	203.4	208.7	211.4	213.3	209.8	85.2	51.2
2019	11:00 to 12:00	Heavy Goods Vehicles	[note 1] [note 4]	Index number	205.5	209.7	212.8	215.1	211.5	82.4	54.8
2019	12:00 to 13:00	Heavy Goods Vehicles	[note 1] [note 4]	Index number	201.6	206.5	209.4	212.0	206.5	78.1	55.3
2019	13:00 to 14:00	Heavy Goods Vehicles	[note 1] [note 4]	Index number	201.9	207.6	211.3	213.4	203.4	72.2	54.6
2019	14:00 to 15:00	Heavy Goods Vehicles	[note 1] [note 4]	Index number	204.6	210.2	213.8	216.4	199.5	66.9	53.7
2019	15:00 to 16:00	Heavy Goods Vehicles	[note 1] [note 4]	Index number	196.6	199.8	203.9	205.2	182.6	62.4	53.3
2019	16:00 to 17:00	Heavy Goods Vehicles	[note 1] [note 4]	Index number	169.1	169.7	172.6	173.4	150.5	57.5	52.4
2019	17:00 to 18:00	Heavy Goods Vehicles	[note 1] [note 4]	Index number	126.4	127.2	130.1	131.2	115.3	51.6	50.4
2019	18:00 to 19:00	Heavy Goods Vehicles	[note 1] [note 4]	Index number	95.7	98.1	101.4	103.5	89.8	44.3	46.9
2019	19:00 to 20:00	Heavy Goods Vehicles	[note 1] [note 4]	Index number	72.2	74.7	77.2	79.6	70.9	35.4	41.6
2019	20:00 to 21:00	Heavy Goods Vehicles	[note 1] [note 4]	Index number	57.1	58.4	60.8	62.7	56.3	28.1	35.6
2019	21:00 to 22:00	Heavy Goods Vehicles	[note 1] [note 4]	Index number	46.1	47.0	48.9	50.5	45.4	23.2	29.3
2019	22:00 to 23:00	Heavy Goods Vehicles	[note 1] [note 4]	Index number	38.7	39.6	41.3	42.3	38.1	20.3	24.2
2019	23:00 to 00:00	Heavy Goods Vehicles	[note 1] [note 4]	Index number	34.5	35.5	37.1	37.7	33.1	18.0	21.9
2020	00:00 to 01:00	Cars and Taxis	[note 1] [note 2]	Index number	9.6	9.3	9.8	10.1	11.0	16.4	18.7
2020	01:00 to 02:00	Cars and Taxis	[note 1] [note 2]	Index number	5.5	5.4	5.8	5.7	6.4	9.8	11.2
2020	02:00 to 03:00	Cars and Taxis	[note 1] [note 2]	Index number	4.2	4.2	4.5	4.4	4.7	6.8	7.4
2020	03:00 to 04:00	Cars and Taxis	[note 1] [note 2]	Index number	5.3	4.8	5.0	5.0	5.3	6.1	6.0
2020	04:00 to 05:00	Cars and Taxis	[note 1] [note 2]	Index number	11.1	9.7	9.6	9.6	9.6	7.7	6.3
2020	05:00 to 06:00	Cars and Taxis	[note 1] [note 2]	Index number	37.4	35.4	35.1	34.6	33.1	18.3	12.8
2020	06:00 to 07:00	Cars and Taxis	[note 1] [note 2]	Index number	88.2	88.7	87.5	86.0	79.9	34.4	23.4
2020	07:00 to 08:00	Cars and Taxis	[note 1] [note 2]	Index number	161.8	165.9	164.1	161.6	149.9	58.6	35.8
2020	08:00 to 09:00	Cars and Taxis	[note 1] [note 2]	Index number	176.7	182.5	182.2	181.4	172.0	92.9	51.3
2020	09:00 to 10:00	Cars and Taxis	[note 1] [note 2]	Index number	138.5	140.7	141.3	142.5	144.1	132.1	91.0
2020	10:00 to 11:00	Cars and Taxis	[note 1] [note 2]	Index number	141.0	137.8	139.8	142.1	153.1	169.7	139.5
2020	11:00 to 12:00	Cars and Taxis	[note 1] [note 2]	Index number	151.5	146.3	149.1	151.5	168.6	192.6	169.5
2020	12:00 to 13:00	Cars and Taxis	[note 1] [note 2]	Index number	157.8	153.1	156.8	159.7	181.4	199.8	183.0
2020	13:00 to 14:00	Cars and Taxis	[note 1] [note 2]	Index number	159.6	156.1	160.2	163.0	186.4	194.4	181.0
2020	14:00 to 15:00	Cars and Taxis	[note 1] [note 2]	Index number	170.0	168.1	173.1	175.1	197.9	186.2	175.0
2020	15:00 to 16:00	Cars and Taxis	[note 1] [note 2]	Index number	187.5	189.1	193.3	195.4	217.1	175.8	167.6
2020	16:00 to 17:00	Cars and Taxis	[note 1] [note 2]	Index number	206.9	212.4	214.0	215.3	223.1	168.1	157.7
2020	17:00 to 18:00	Cars and Taxis	[note 1] [note 2]	Index number	205.8	212.9	214.9	214.8	212.7	155.0	136.0
2020	18:00 to 19:00	Cars and Taxis	[note 1] [note 2]	Index number	147.9	155.2	158.0	160.7	167.6	128.1	115.5
2020	19:00 to 20:00	Cars and Taxis	[note 1] [note 2]	Index number	100.6	105.6	108.9	112.8	121.4	97.9	93.5
2020	20:00 to 21:00	Cars and Taxis	[note 1] [note 2]	Index number	70.6	73.7	76.4	79.5	84.8	71.9	71.1
2020	21:00 to 22:00	Cars and Taxis	[note 1] [note 2]	Index number	50.1	52.8	54.8	56.6	60.5	54.1	49.7
2020	22:00 to 23:00	Cars and Taxis	[note 1] [note 2]	Index number	33.0	36.0	37.9	38.9	44.6	42.9	32.0
2020	23:00 to 00:00	Cars and Taxis	[note 1] [note 2]	Index number	17.0	18.2	19.5	20.6	27.8	29.5	17.7
2020	00:00 to 01:00	Light Commercial Vehicles	[note 1] [note 2] [note 3]	Index number	9.5	9.1	9.6	10.3	11.6	15.9	18.6
2020	01:00 to 02:00	Light Commercial Vehicles	[note 1] [note 2] [note 3]	Index number	6.4	6.4	6.6	6.9	7.8	10.5	12.2
2020	02:00 to 03:00	Light Commercial Vehicles	[note 1] [note 2] [note 3]	Index number	5.7	5.7	5.9	6.1	6.7	7.8	8.6
2020	03:00 to 04:00	Light Commercial Vehicles	[note 1] [note 2] [note 3]	Index number	7.7	7.1	7.0	7.3	7.7	7.3	7.3
2020	04:00 to 05:00	Light Commercial Vehicles	[note 1] [note 2] [note 3]	Index number	16.2	13.2	12.8	13.0	12.6	9.0	7.5
2020	05:00 to 06:00	Light Commercial Vehicles	[note 1] [note 2] [note 3]	Index number	46.8	41.0	39.6	39.2	36.5	17.7	11.5
2020	06:00 to 07:00	Light Commercial Vehicles	[note 1] [note 2] [note 3]	Index number	120.0	118.6	115.6	113.9	105.7	36.2	19.4
2020	07:00 to 08:00	Light Commercial Vehicles	[note 1] [note 2] [note 3]	Index number	210.8	215.7	211.6	207.9	194.7	66.3	32.3
2020	08:00 to 09:00	Light Commercial Vehicles	[note 1] [note 2] [note 3]	Index number	216.8	221.5	218.4	217.0	205.5	95.8	48.3
2020	09:00 to 10:00	Light Commercial Vehicles	[note 1] [note 2] [note 3]	Index number	176.8	178.8	177.6	177.6	174.4	123.5	79.2
2020	10:00 to 11:00	Light Commercial Vehicles	[note 1] [note 2] [note 3]	Index number	163.0	161.7	161.3	163.1	170.5	145.4	109.7
2020	11:00 to 12:00	Light Commercial Vehicles	[note 1] [note 2] [note 3]	Index number	164.9	163.4	165.2	167.6	180.3	157.3	128.8
2020	12:00 to 13:00	Light Commercial Vehicles	[note 1] [note 2] [note 3]	Index number	166.3	165.8	168.7	171.1	188.5	158.0	136.2
2020	13:00 to 14:00	Light Commercial Vehicles	[note 1] [note 2] [note 3]	Index number	166.1	168.1	170.4	172.9	193.5	149.4	131.6
2020	14:00 to 15:00	Light Commercial Vehicles	[note 1] [note 2] [note 3]	Index number	178.0	181.4	184.5	186.0	207.0	140.1	125.7
2020	15:00 to 16:00	Light Commercial Vehicles	[note 1] [note 2] [note 3]	Index number	203.8	210.2	212.4	213.5	225.4	132.9	122.1
2020	16:00 to 17:00	Light Commercial Vehicles	[note 1] [note 2] [note 3]	Index number	221.0	229.2	229.3	228.1	219.7	128.2	116.4
2020	17:00 to 18:00	Light Commercial Vehicles	[note 1] [note 2] [note 3]	Index number	193.7	201.4	201.9	202.1	188.7	117.5	101.6
2020	18:00 to 19:00	Light Commercial Vehicles	[note 1] [note 2] [note 3]	Index number	134.9	143.5	145.0	148.2	142.7	96.5	86.4
2020	19:00 to 20:00	Light Commercial Vehicles	[note 1] [note 2] [note 3]	Index number	87.3	93.0	95.4	100.1	99.7	73.3	69.2
2020	20:00 to 21:00	Light Commercial Vehicles	[note 1] [note 2] [note 3]	Index number	56.7	59.9	62.0	66.0	65.6	51.4	51.2
2020	21:00 to 22:00	Light Commercial Vehicles	[note 1] [note 2] [note 3]	Index number	38.2	40.7	42.3	45.2	45.1	38.7	35.1
2020	22:00 to 23:00	Light Commercial Vehicles	[note 1] [note 2] [note 3]	Index number	24.7	27.7	28.9	30.5	33.2	32.0	22.8
2020	23:00 to 00:00	Light Commercial Vehicles	[note 1] [note 2] [note 3]	Index number	14.4	16.1	17.0	18.7	23.5	25.2	14.4
2020	00:00 to 01:00	Heavy Goods Vehicles	[note 1] [note 2] [note 4]	Index number	19.5	31.0	32.2	32.7	32.9	28.4	14.4
2020	01:00 to 02:00	Heavy Goods Vehicles	[note 1] [note 2] [note 4]	Index number	19.5	30.8	31.6	32.4	32.5	27.3	12.8
2020	02:00 to 03:00	Heavy Goods Vehicles	[note 1] [note 2] [note 4]	Index number	21.4	32.7	33.4	34.2	34.0	27.4	12.3
2020	03:00 to 04:00	Heavy Goods Vehicles	[note 1] [note 2] [note 4]	Index number	28.1	39.1	39.7	40.5	39.7	29.2	13.0
2020	04:00 to 05:00	Heavy Goods Vehicles	[note 1] [note 2] [note 4]	Index number	47.4	57.0	57.5	58.4	56.4	35.5	15.4
2020	05:00 to 06:00	Heavy Goods Vehicles	[note 1] [note 2] [note 4]	Index number	86.9	94.4	94.4	95.2	91.3	44.4	19.0
2020	06:00 to 07:00	Heavy Goods Vehicles	[note 1] [note 2] [note 4]	Index number	147.6	158.4	157.6	158.5	152.2	59.7	26.1
2020	07:00 to 08:00	Heavy Goods Vehicles	[note 1] [note 2] [note 4]	Index number	190.0	203.3	202.9	205.0	198.0	75.4	32.6
2020	08:00 to 09:00	Heavy Goods Vehicles	[note 1] [note 2] [note 4]	Index number	204.5	215.4	215.1	216.2	209.9	81.7	38.0
2020	09:00 to 10:00	Heavy Goods Vehicles	[note 1] [note 2] [note 4]	Index number	207.9	219.7	218.9	219.2	212.1	83.5	43.5
2020	10:00 to 11:00	Heavy Goods Vehicles	[note 1] [note 2] [note 4]	Index number	206.9	218.4	216.7	217.7	211.6	83.3	48.4
2020	11:00 to 12:00	Heavy Goods Vehicles	[note 1] [note 2] [note 4]	Index number	208.6	219.7	217.9	219.4	212.9	80.5	51.8
2020	12:00 to 13:00	Heavy Goods Vehicles	[note 1] [note 2] [note 4]	Index number	204.9	215.1	213.6	215.1	207.2	76.1	52.2
2020	13:00 to 14:00	Heavy Goods Vehicles	[note 1] [note 2] [note 4]	Index number	204.6	215.9	214.4	215.7	204.8	70.9	51.6
2020	14:00 to 15:00	Heavy Goods Vehicles	[note 1] [note 2] [note 4]	Index number	206.0	217.7	216.6	217.5	200.4	65.8	51.0
2020	15:00 to 16:00	Heavy Goods Vehicles	[note 1] [note 2] [note 4]	Index number	196.6	206.5	204.7	205.2	182.4	60.7	49.9
2020	16:00 to 17:00	Heavy Goods Vehicles	[note 1] [note 2] [note 4]	Index number	169.0	175.6	173.5	173.8	149.6	55.3	48.2
2020	17:00 to 18:00	Heavy Goods Vehicles	[note 1] [note 2] [note 4]	Index number	125.1	129.8	129.4	129.3	112.2	48.6	45.4
2020	18:00 to 19:00	Heavy Goods Vehicles	[note 1] [note 2] [note 4]	Index number	93.0	97.2	97.6	98.0	85.0	41.2	41.9
2020	19:00 to 20:00	Heavy Goods Vehicles	[note 1] [note 2] [note 4]	Index number	70.5	73.9	74.7	75.0	66.6	33.1	37.3
2020	20:00 to 21:00	Heavy Goods Vehicles	[note 1] [note 2] [note 4]	Index number	55.3	57.6	58.2	58.5	52.6	26.5	32.0
2020	21:00 to 22:00	Heavy Goods Vehicles	[note 1] [note 2] [note 4]	Index number	45.0	46.6	47.2	47.4	42.8	21.8	26.6
2020	22:00 to 23:00	Heavy Goods Vehicles	[note 1] [note 2] [note 4]	Index number	38.0	39.5	40.0	39.8	35.7	18.8	22.4
2020	23:00 to 00:00	Heavy Goods Vehicles	[note 1] [note 2] [note 4]	Index number	33.8	35.0	35.5	35.4	30.9	16.5	20.5
2021	00:00 to 01:00	Cars and Taxis	[note 1] [note 2]	Index number	10.8	9.3	9.8	10.6	11.7	18.4	21.3
2021	01:00 to 02:00	Cars and Taxis	[note 1] [note 2]	Index number	6.0	5.3	5.5	5.8	6.6	10.6	12.6
2021	02:00 to 03:00	Cars and Taxis	[note 1] [note 2]	Index number	4.5	4.0	4.1	4.4	4.9	7.4	8.3
2021	03:00 to 04:00	Cars and Taxis	[note 1] [note 2]	Index number	5.2	4.6	4.7	4.8	5.3	6.3	6.4
2021	04:00 to 05:00	Cars and Taxis	[note 1] [note 2]	Index number	10.4	9.2	9.2	9.2	9.3	7.9	6.7
2021	05:00 to 06:00	Cars and Taxis	[note 1] [note 2]	Index number	34.4	33.5	33.4	33.0	31.2	18.1	12.9
2021	06:00 to 07:00	Cars and Taxis	[note 1] [note 2]	Index number	80.3	83.2	82.7	81.4	74.2	34.1	23.2
2021	07:00 to 08:00	Cars and Taxis	[note 1] [note 2]	Index number	151.3	159.8	159.7	157.7	142.5	59.6	37.1
2021	08:00 to 09:00	Cars and Taxis	[note 1] [note 2]	Index number	172.0	182.2	183.3	182.6	168.3	97.2	55.8
2021	09:00 to 10:00	Cars and Taxis	[note 1] [note 2]	Index number	136.8	139.7	141.3	143.1	143.4	138.6	99.2
2021	10:00 to 11:00	Cars and Taxis	[note 1] [note 2]	Index number	141.6	136.2	138.1	141.7	153.8	175.4	147.2
2021	11:00 to 12:00	Cars and Taxis	[note 1] [note 2]	Index number	151.9	142.8	145.0	149.6	168.0	196.2	175.9
2021	12:00 to 13:00	Cars and Taxis	[note 1] [note 2]	Index number	157.6	149.5	152.2	157.0	181.0	202.6	188.3
2021	13:00 to 14:00	Cars and Taxis	[note 1] [note 2]	Index number	158.6	151.1	154.3	159.2	185.3	195.4	183.6
2021	14:00 to 15:00	Cars and Taxis	[note 1] [note 2]	Index number	167.6	163.3	167.5	171.5	197.0	184.7	175.5
2021	15:00 to 16:00	Cars and Taxis	[note 1] [note 2]	Index number	184.6	185.4	189.2	193.3	215.6	173.7	168.4
2021	16:00 to 17:00	Cars and Taxis	[note 1] [note 2]	Index number	201.6	207.3	210.2	212.9	220.6	168.1	161.1
2021	17:00 to 18:00	Cars and Taxis	[note 1] [note 2]	Index number	202.7	211.6	215.9	218.0	213.5	158.3	141.5
2021	18:00 to 19:00	Cars and Taxis	[note 1] [note 2]	Index number	146.6	154.5	160.2	165.2	172.7	133.0	121.1
2021	19:00 to 20:00	Cars and Taxis	[note 1] [note 2]	Index number	100.7	105.8	110.4	116.8	126.2	102.4	99.1
2021	20:00 to 21:00	Cars and Taxis	[note 1] [note 2]	Index number	71.2	73.9	77.4	83.0	88.1	75.0	74.7
2021	21:00 to 22:00	Cars and Taxis	[note 1] [note 2]	Index number	50.2	52.9	55.2	59.2	62.6	56.8	51.9
2021	22:00 to 23:00	Cars and Taxis	[note 1] [note 2]	Index number	33.2	36.9	38.8	41.1	47.0	45.9	33.9
2021	23:00 to 00:00	Cars and Taxis	[note 1] [note 2]	Index number	17.6	19.1	20.9	22.5	30.5	33.0	20.5
2021	00:00 to 01:00	Light Commercial Vehicles	[note 1] [note 2] [note 3]	Index number	10.0	9.3	9.9	10.7	12.2	17.0	20.1
2021	01:00 to 02:00	Light Commercial Vehicles	[note 1] [note 2] [note 3]	Index number	6.7	6.3	6.7	7.1	8.1	11.1	13.1
2021	02:00 to 03:00	Light Commercial Vehicles	[note 1] [note 2] [note 3]	Index number	5.8	5.6	5.9	6.3	6.8	8.3	9.2
2021	03:00 to 04:00	Light Commercial Vehicles	[note 1] [note 2] [note 3]	Index number	7.6	6.9	7.0	7.3	7.7	7.6	7.7
2021	04:00 to 05:00	Light Commercial Vehicles	[note 1] [note 2] [note 3]	Index number	15.9	13.2	12.8	13.0	12.6	9.2	7.9
2021	05:00 to 06:00	Light Commercial Vehicles	[note 1] [note 2] [note 3]	Index number	45.3	40.4	39.6	39.0	35.8	18.0	11.7
2021	06:00 to 07:00	Light Commercial Vehicles	[note 1] [note 2] [note 3]	Index number	117.3	117.4	116.1	114.2	103.1	36.6	19.9
2021	07:00 to 08:00	Light Commercial Vehicles	[note 1] [note 2] [note 3]	Index number	206.3	214.1	213.2	210.0	190.7	67.2	33.4
2021	08:00 to 09:00	Light Commercial Vehicles	[note 1] [note 2] [note 3]	Index number	214.4	221.8	221.7	219.9	202.5	97.1	50.6
2021	09:00 to 10:00	Light Commercial Vehicles	[note 1] [note 2] [note 3]	Index number	173.5	176.7	177.3	177.5	171.3	125.3	82.7
2021	10:00 to 11:00	Light Commercial Vehicles	[note 1] [note 2] [note 3]	Index number	160.0	157.9	159.2	161.9	168.9	146.2	113.5
2021	11:00 to 12:00	Light Commercial Vehicles	[note 1] [note 2] [note 3]	Index number	162.6	159.7	162.2	165.6	179.4	158.2	132.6
2021	12:00 to 13:00	Light Commercial Vehicles	[note 1] [note 2] [note 3]	Index number	163.3	162.3	165.1	169.1	187.6	158.6	139.5
2021	13:00 to 14:00	Light Commercial Vehicles	[note 1] [note 2] [note 3]	Index number	162.9	164.5	167.6	171.2	192.3	149.5	133.6
2021	14:00 to 15:00	Light Commercial Vehicles	[note 1] [note 2] [note 3]	Index number	173.9	177.6	181.6	185.2	205.0	139.6	127.6
2021	15:00 to 16:00	Light Commercial Vehicles	[note 1] [note 2] [note 3]	Index number	199.4	207.4	210.6	212.9	223.7	131.8	124.4
2021	16:00 to 17:00	Light Commercial Vehicles	[note 1] [note 2] [note 3]	Index number	216.7	226.7	229.6	229.5	217.9	127.6	119.5
2021	17:00 to 18:00	Light Commercial Vehicles	[note 1] [note 2] [note 3]	Index number	192.2	200.9	204.4	205.9	188.3	118.5	105.5
2021	18:00 to 19:00	Light Commercial Vehicles	[note 1] [note 2] [note 3]	Index number	134.1	142.9	146.9	151.5	144.2	98.6	90.0
2021	19:00 to 20:00	Light Commercial Vehicles	[note 1] [note 2] [note 3]	Index number	87.1	93.1	97.1	103.0	101.9	74.9	72.9
2021	20:00 to 21:00	Light Commercial Vehicles	[note 1] [note 2] [note 3]	Index number	56.5	59.7	63.4	68.3	67.4	52.8	53.9
2021	21:00 to 22:00	Light Commercial Vehicles	[note 1] [note 2] [note 3]	Index number	38.4	40.9	43.2	47.2	46.4	40.0	37.1
2021	22:00 to 23:00	Light Commercial Vehicles	[note 1] [note 2] [note 3]	Index number	25.1	28.2	30.0	32.3	34.9	33.5	24.3
2021	23:00 to 00:00	Light Commercial Vehicles	[note 1] [note 2] [note 3]	Index number	15.0	16.7	18.1	20.2	25.1	27.1	16.0
2021	00:00 to 01:00	Heavy Goods Vehicles	[note 1] [note 2] [note 4]	Index number	19.3	30.6	31.8	32.5	32.4	28.2	14.6
2021	01:00 to 02:00	Heavy Goods Vehicles	[note 1] [note 2] [note 4]	Index number	19.1	30.0	31.1	31.9	31.8	26.9	12.9
2021	02:00 to 03:00	Heavy Goods Vehicles	[note 1] [note 2] [note 4]	Index number	20.9	32.0	33.0	33.9	33.4	26.9	12.2
2021	03:00 to 04:00	Heavy Goods Vehicles	[note 1] [note 2] [note 4]	Index number	27.6	38.1	39.2	39.9	38.9	28.7	12.7
2021	04:00 to 05:00	Heavy Goods Vehicles	[note 1] [note 2] [note 4]	Index number	46.7	56.5	57.6	58.2	55.7	34.7	15.1
2021	05:00 to 06:00	Heavy Goods Vehicles	[note 1] [note 2] [note 4]	Index number	85.3	94.0	95.0	95.9	90.6	43.7	18.7
2021	06:00 to 07:00	Heavy Goods Vehicles	[note 1] [note 2] [note 4]	Index number	144.4	157.7	158.7	159.4	150.5	59.3	25.7
2021	07:00 to 08:00	Heavy Goods Vehicles	[note 1] [note 2] [note 4]	Index number	187.5	203.8	205.8	207.6	197.0	75.6	33.2
2021	08:00 to 09:00	Heavy Goods Vehicles	[note 1] [note 2] [note 4]	Index number	201.7	215.7	217.7	218.9	208.4	81.8	38.8
2021	09:00 to 10:00	Heavy Goods Vehicles	[note 1] [note 2] [note 4]	Index number	205.1	219.8	221.2	222.0	209.9	83.2	44.1
2021	10:00 to 11:00	Heavy Goods Vehicles	[note 1] [note 2] [note 4]	Index number	203.9	217.5	218.3	219.7	209.0	83.2	49.1
2021	11:00 to 12:00	Heavy Goods Vehicles	[note 1] [note 2] [note 4]	Index number	206.0	219.2	219.6	221.4	210.2	80.9	52.8
2021	12:00 to 13:00	Heavy Goods Vehicles	[note 1] [note 2] [note 4]	Index number	201.9	214.9	215.4	217.8	204.6	76.5	52.8
2021	13:00 to 14:00	Heavy Goods Vehicles	[note 1] [note 2] [note 4]	Index number	201.6	216.0	216.9	218.7	200.9	70.8	52.2
2021	14:00 to 15:00	Heavy Goods Vehicles	[note 1] [note 2] [note 4]	Index number	203.3	217.6	218.5	220.6	196.4	65.7	51.7
2021	15:00 to 16:00	Heavy Goods Vehicles	[note 1] [note 2] [note 4]	Index number	194.6	207.4	207.6	209.4	179.0	60.9	51.0
2021	16:00 to 17:00	Heavy Goods Vehicles	[note 1] [note 2] [note 4]	Index number	166.9	175.5	176.0	177.1	147.4	55.6	49.9
2021	17:00 to 18:00	Heavy Goods Vehicles	[note 1] [note 2] [note 4]	Index number	124.6	130.1	131.4	132.4	112.0	49.1	47.3
2021	18:00 to 19:00	Heavy Goods Vehicles	[note 1] [note 2] [note 4]	Index number	93.1	98.2	99.7	101.3	86.0	42.3	44.0
2021	19:00 to 20:00	Heavy Goods Vehicles	[note 1] [note 2] [note 4]	Index number	70.6	74.6	76.1	77.5	67.5	34.0	39.0
2021	20:00 to 21:00	Heavy Goods Vehicles	[note 1] [note 2] [note 4]	Index number	55.4	57.8	59.0	60.2	53.2	27.2	33.1
2021	21:00 to 22:00	Heavy Goods Vehicles	[note 1] [note 2] [note 4]	Index number	44.5	46.4	47.3	48.3	42.7	22.3	27.4
2021	22:00 to 23:00	Heavy Goods Vehicles	[note 1] [note 2] [note 4]	Index number	37.1	38.9	39.7	40.3	35.3	18.8	22.7
2021	23:00 to 00:00	Heavy Goods Vehicles	[note 1] [note 2] [note 4]	Index number	33.1	34.6	35.3	35.9	30.7	16.7	20.5
2022	00:00 to 01:00	Cars and Taxis	[note 1] [note 2]	Index number	11.8	10.0	10.5	11.3	13.0	21.1	25.5
2022	01:00 to 02:00	Cars and Taxis	[note 1] [note 2]	Index number	6.6	5.8	5.9	6.3	7.3	12.5	15.1
2022	02:00 to 03:00	Cars and Taxis	[note 1] [note 2]	Index number	5.1	4.6	4.6	4.9	5.6	8.7	10.1
2022	03:00 to 04:00	Cars and Taxis	[note 1] [note 2]	Index number	6.0	5.3	5.3	5.4	6.0	7.7	8.1
2022	04:00 to 05:00	Cars and Taxis	[note 1] [note 2]	Index number	11.1	10.0	9.8	9.9	10.4	8.9	8.0
2022	05:00 to 06:00	Cars and Taxis	[note 1] [note 2]	Index number	34.6	34.4	34.0	33.4	32.0	18.4	13.6
2022	06:00 to 07:00	Cars and Taxis	[note 1] [note 2]	Index number	79.0	83.6	82.9	80.6	73.1	33.0	22.9
2022	07:00 to 08:00	Cars and Taxis	[note 1] [note 2]	Index number	150.2	163.9	163.2	159.0	143.1	58.3	37.2
2022	08:00 to 09:00	Cars and Taxis	[note 1] [note 2]	Index number	172.9	188.1	189.2	187.2	172.4	99.4	58.5
2022	09:00 to 10:00	Cars and Taxis	[note 1] [note 2]	Index number	134.6	139.9	141.7	143.0	143.9	143.1	103.7
2022	10:00 to 11:00	Cars and Taxis	[note 1] [note 2]	Index number	137.4	131.5	133.8	137.8	151.8	178.9	151.2
2022	11:00 to 12:00	Cars and Taxis	[note 1] [note 2]	Index number	145.4	136.2	138.9	143.9	164.4	196.6	178.5
2022	12:00 to 13:00	Cars and Taxis	[note 1] [note 2]	Index number	150.5	142.5	145.7	150.6	176.6	200.8	190.9
2022	13:00 to 14:00	Cars and Taxis	[note 1] [note 2]	Index number	149.8	143.9	147.2	151.7	179.4	191.7	183.7
2022	14:00 to 15:00	Cars and Taxis	[note 1] [note 2]	Index number	158.5	156.0	160.7	164.1	191.1	180.2	174.3
2022	15:00 to 16:00	Cars and Taxis	[note 1] [note 2]	Index number	177.4	181.0	185.6	189.0	212.2	170.2	168.9
2022	16:00 to 17:00	Cars and Taxis	[note 1] [note 2]	Index number	196.8	206.7	209.7	211.3	218.5	166.6	164.2
2022	17:00 to 18:00	Cars and Taxis	[note 1] [note 2]	Index number	201.4	215.3	218.2	218.6	212.2	159.5	145.6
2022	18:00 to 19:00	Cars and Taxis	[note 1] [note 2]	Index number	147.3	160.3	164.5	168.9	173.2	135.7	124.7
2022	19:00 to 20:00	Cars and Taxis	[note 1] [note 2]	Index number	101.8	108.5	113.1	119.8	126.7	104.0	101.2
2022	20:00 to 21:00	Cars and Taxis	[note 1] [note 2]	Index number	71.5	75.1	79.0	84.8	88.3	76.0	76.8
2022	21:00 to 22:00	Cars and Taxis	[note 1] [note 2]	Index number	52.0	56.1	58.7	62.9	65.6	59.7	54.5
2022	22:00 to 23:00	Cars and Taxis	[note 1] [note 2]	Index number	34.7	39.7	42.1	44.8	51.3	50.1	36.1
2022	23:00 to 00:00	Cars and Taxis	[note 1] [note 2]	Index number	18.6	20.7	22.4	24.9	34.7	37.9	21.5
2022	00:00 to 01:00	Light Commercial Vehicles	[note 1] [note 2] [note 3]	Index number	10.3	9.6	10.2	11.1	12.7	18.1	21.9
2022	01:00 to 02:00	Light Commercial Vehicles	[note 1] [note 2] [note 3]	Index number	6.9	6.6	7.0	7.4	8.6	11.8	14.2
2022	02:00 to 03:00	Light Commercial Vehicles	[note 1] [note 2] [note 3]	Index number	6.0	6.0	6.2	6.6	7.3	8.9	9.9
2022	03:00 to 04:00	Light Commercial Vehicles	[note 1] [note 2] [note 3]	Index number	7.8	7.4	7.3	7.7	8.3	8.3	8.3
2022	04:00 to 05:00	Light Commercial Vehicles	[note 1] [note 2] [note 3]	Index number	16.0	13.5	13.2	13.3	13.3	9.8	8.5
2022	05:00 to 06:00	Light Commercial Vehicles	[note 1] [note 2] [note 3]	Index number	45.2	41.5	40.3	39.5	37.0	18.6	12.7
2022	06:00 to 07:00	Light Commercial Vehicles	[note 1] [note 2] [note 3]	Index number	113.9	116.9	115.0	112.0	102.6	37.0	20.7
2022	07:00 to 08:00	Light Commercial Vehicles	[note 1] [note 2] [note 3]	Index number	198.8	212.1	210.6	205.9	189.1	66.4	34.6
2022	08:00 to 09:00	Light Commercial Vehicles	[note 1] [note 2] [note 3]	Index number	210.0	222.3	223.0	220.0	204.7	98.2	53.6
2022	09:00 to 10:00	Light Commercial Vehicles	[note 1] [note 2] [note 3]	Index number	169.2	176.0	175.8	175.9	171.9	129.1	88.1
2022	10:00 to 11:00	Light Commercial Vehicles	[note 1] [note 2] [note 3]	Index number	155.5	155.0	156.7	159.5	168.0	150.2	118.6
2022	11:00 to 12:00	Light Commercial Vehicles	[note 1] [note 2] [note 3]	Index number	157.8	155.8	159.0	162.6	178.3	161.4	138.4
2022	12:00 to 13:00	Light Commercial Vehicles	[note 1] [note 2] [note 3]	Index number	158.3	158.4	162.2	165.8	187.1	161.7	145.3
2022	13:00 to 14:00	Light Commercial Vehicles	[note 1] [note 2] [note 3]	Index number	158.7	160.9	164.7	168.0	190.9	151.9	139.4
2022	14:00 to 15:00	Light Commercial Vehicles	[note 1] [note 2] [note 3]	Index number	168.9	175.1	179.6	182.6	204.5	141.9	132.0
2022	15:00 to 16:00	Light Commercial Vehicles	[note 1] [note 2] [note 3]	Index number	196.1	206.0	210.1	212.2	224.3	133.9	128.7
2022	16:00 to 17:00	Light Commercial Vehicles	[note 1] [note 2] [note 3]	Index number	211.3	224.7	228.1	227.8	217.4	129.7	124.2
2022	17:00 to 18:00	Light Commercial Vehicles	[note 1] [note 2] [note 3]	Index number	187.9	200.2	203.1	204.5	188.2	121.1	110.4
2022	18:00 to 19:00	Light Commercial Vehicles	[note 1] [note 2] [note 3]	Index number	131.5	143.0	147.1	151.6	144.4	101.6	95.0
2022	19:00 to 20:00	Light Commercial Vehicles	[note 1] [note 2] [note 3]	Index number	86.0	92.8	97.4	103.5	102.8	77.5	76.8
2022	20:00 to 21:00	Light Commercial Vehicles	[note 1] [note 2] [note 3]	Index number	56.5	59.9	63.4	68.8	68.0	54.8	56.6
2022	21:00 to 22:00	Light Commercial Vehicles	[note 1] [note 2] [note 3]	Index number	39.1	42.2	44.4	48.5	48.5	42.3	39.3
2022	22:00 to 23:00	Light Commercial Vehicles	[note 1] [note 2] [note 3]	Index number	25.7	29.2	31.1	33.6	36.7	36.0	26.2
2022	23:00 to 00:00	Light Commercial Vehicles	[note 1] [note 2] [note 3]	Index number	15.4	17.4	18.7	21.2	26.7	29.1	17.1
2022	00:00 to 01:00	Heavy Goods Vehicles	[note 1] [note 2] [note 4]	Index number	19.6	31.8	33.2	33.8	34.0	29.4	15.6
2022	01:00 to 02:00	Heavy Goods Vehicles	[note 1] [note 2] [note 4]	Index number	19.4	31.0	32.3	32.9	33.0	27.8	13.6
2022	02:00 to 03:00	Heavy Goods Vehicles	[note 1] [note 2] [note 4]	Index number	21.1	32.6	33.9	34.6	34.4	27.4	12.7
2022	03:00 to 04:00	Heavy Goods Vehicles	[note 1] [note 2] [note 4]	Index number	27.7	38.7	40.0	40.7	40.0	29.2	13.3
2022	04:00 to 05:00	Heavy Goods Vehicles	[note 1] [note 2] [note 4]	Index number	46.4	57.1	58.5	58.8	56.5	34.3	15.5
2022	05:00 to 06:00	Heavy Goods Vehicles	[note 1] [note 2] [note 4]	Index number	84.9	95.6	97.3	96.7	92.0	42.8	19.3
2022	06:00 to 07:00	Heavy Goods Vehicles	[note 1] [note 2] [note 4]	Index number	143.2	159.4	160.7	159.6	151.8	57.6	25.7
2022	07:00 to 08:00	Heavy Goods Vehicles	[note 1] [note 2] [note 4]	Index number	185.0	203.1	206.0	204.9	197.5	72.5	33.5
2022	08:00 to 09:00	Heavy Goods Vehicles	[note 1] [note 2] [note 4]	Index number	199.1	215.3	218.4	217.3	210.0	78.9	40.1
2022	09:00 to 10:00	Heavy Goods Vehicles	[note 1] [note 2] [note 4]	Index number	203.9	221.1	224.1	221.5	212.5	80.7	45.3
2022	10:00 to 11:00	Heavy Goods Vehicles	[note 1] [note 2] [note 4]	Index number	203.0	220.0	222.5	220.3	212.1	80.6	49.9
2022	11:00 to 12:00	Heavy Goods Vehicles	[note 1] [note 2] [note 4]	Index number	204.4	221.7	223.5	222.8	213.5	78.8	54.0
2022	12:00 to 13:00	Heavy Goods Vehicles	[note 1] [note 2] [note 4]	Index number	200.8	217.5	219.5	218.8	207.4	73.9	53.7
2022	13:00 to 14:00	Heavy Goods Vehicles	[note 1] [note 2] [note 4]	Index number	199.7	217.8	219.8	219.4	202.7	68.6	52.8
2022	14:00 to 15:00	Heavy Goods Vehicles	[note 1] [note 2] [note 4]	Index number	200.6	219.3	221.2	220.4	196.8	63.7	52.3
2022	15:00 to 16:00	Heavy Goods Vehicles	[note 1] [note 2] [note 4]	Index number	189.8	205.6	207.0	205.6	177.1	58.9	51.9
2022	16:00 to 17:00	Heavy Goods Vehicles	[note 1] [note 2] [note 4]	Index number	161.2	171.6	172.8	171.4	144.4	53.6	50.6
2022	17:00 to 18:00	Heavy Goods Vehicles	[note 1] [note 2] [note 4]	Index number	119.6	126.7	127.9	127.6	109.5	47.8	48.3
2022	18:00 to 19:00	Heavy Goods Vehicles	[note 1] [note 2] [note 4]	Index number	90.7	97.4	99.2	99.7	85.8	41.7	44.9
2022	19:00 to 20:00	Heavy Goods Vehicles	[note 1] [note 2] [note 4]	Index number	70.3	75.4	77.0	77.9	68.7	34.1	40.2
2022	20:00 to 21:00	Heavy Goods Vehicles	[note 1] [note 2] [note 4]	Index number	55.6	59.3	60.7	61.5	55.1	27.4	34.2
2022	21:00 to 22:00	Heavy Goods Vehicles	[note 1] [note 2] [note 4]	Index number	45.4	47.9	49.1	49.6	44.9	22.5	28.4
2022	22:00 to 23:00	Heavy Goods Vehicles	[note 1] [note 2] [note 4]	Index number	38.3	40.6	41.5	41.6	37.5	19.0	23.6
2022	23:00 to 00:00	Heavy Goods Vehicles	[note 1] [note 2] [note 4]	Index number	34.4	36.3	37.2	37.3	32.8	17.1	21.1
2023	00:00 to 01:00	Cars and Taxis	[note 1]	Index number	11.9	9.9	10.6	11.2	12.9	21.1	25.6
2023	01:00 to 02:00	Cars and Taxis	[note 1]	Index number	6.8	5.8	6.1	6.4	7.3	12.3	15.1
2023	02:00 to 03:00	Cars and Taxis	[note 1]	Index number	5.1	4.7	4.8	4.9	5.6	8.6	10.2
2023	03:00 to 04:00	Cars and Taxis	[note 1]	Index number	6.1	5.5	5.5	5.7	6.3	7.7	8.2
2023	04:00 to 05:00	Cars and Taxis	[note 1]	Index number	11.2	10.3	10.2	10.3	10.8	9.0	8.1
2023	05:00 to 06:00	Cars and Taxis	[note 1]	Index number	34.4	35.0	34.8	34.2	32.4	18.2	13.5
2023	06:00 to 07:00	Cars and Taxis	[note 1]	Index number	78.8	85.2	84.7	82.9	74.1	32.8	23.1
2023	07:00 to 08:00	Cars and Taxis	[note 1]	Index number	150.6	166.7	165.5	162.1	144.4	58.6	37.5
2023	08:00 to 09:00	Cars and Taxis	[note 1]	Index number	172.9	189.3	189.8	188.6	173.7	101.2	60.1
2023	09:00 to 10:00	Cars and Taxis	[note 1]	Index number	133.7	140.4	141.9	142.7	143.8	145.4	105.4
2023	10:00 to 11:00	Cars and Taxis	[note 1]	Index number	137.0	131.5	133.1	136.9	151.2	179.8	151.0
2023	11:00 to 12:00	Cars and Taxis	[note 1]	Index number	145.8	135.3	137.7	142.1	163.7	196.2	176.2
2023	12:00 to 13:00	Cars and Taxis	[note 1]	Index number	150.7	141.8	144.8	149.0	175.7	199.9	188.3
2023	13:00 to 14:00	Cars and Taxis	[note 1]	Index number	149.5	143.1	146.1	150.3	178.0	190.1	182.6
2023	14:00 to 15:00	Cars and Taxis	[note 1]	Index number	157.7	155.1	159.1	162.4	189.9	178.3	173.3
2023	15:00 to 16:00	Cars and Taxis	[note 1]	Index number	177.8	181.3	184.5	188.6	211.2	169.0	168.6
2023	16:00 to 17:00	Cars and Taxis	[note 1]	Index number	196.9	207.9	209.7	211.6	217.9	165.8	163.4
2023	17:00 to 18:00	Cars and Taxis	[note 1]	Index number	200.7	216.2	217.6	218.7	211.1	159.5	144.3
2023	18:00 to 19:00	Cars and Taxis	[note 1]	Index number	147.2	161.7	164.5	169.6	171.9	135.8	123.3
2023	19:00 to 20:00	Cars and Taxis	[note 1]	Index number	102.6	109.6	113.3	120.4	126.6	104.2	100.9
2023	20:00 to 21:00	Cars and Taxis	[note 1]	Index number	72.2	76.7	79.7	85.5	88.8	76.9	76.8
2023	21:00 to 22:00	Cars and Taxis	[note 1]	Index number	52.7	56.8	59.2	63.7	66.1	60.5	53.8
2023	22:00 to 23:00	Cars and Taxis	[note 1]	Index number	34.6	39.5	41.5	44.7	52.2	51.1	35.7
2023	23:00 to 00:00	Cars and Taxis	[note 1]	Index number	18.4	20.5	22.0	24.7	35.2	38.3	21.4
2023	00:00 to 01:00	Light Commercial Vehicles	[note 1] [note 3]	Index number	10.2	9.3	10.1	10.7	12.3	17.4	21.0
2023	01:00 to 02:00	Light Commercial Vehicles	[note 1] [note 3]	Index number	6.8	6.6	6.9	7.2	8.3	11.1	13.3
2023	02:00 to 03:00	Light Commercial Vehicles	[note 1] [note 3]	Index number	5.9	6.0	6.1	6.4	7.3	8.4	9.4
2023	03:00 to 04:00	Light Commercial Vehicles	[note 1] [note 3]	Index number	7.6	7.3	7.1	7.5	8.2	7.9	8.0
2023	04:00 to 05:00	Light Commercial Vehicles	[note 1] [note 3]	Index number	15.2	13.6	13.1	13.3	13.5	9.8	8.2
2023	05:00 to 06:00	Light Commercial Vehicles	[note 1] [note 3]	Index number	43.8	42.2	41.4	40.5	37.8	18.6	12.4
2023	06:00 to 07:00	Light Commercial Vehicles	[note 1] [note 3]	Index number	111.9	118.0	116.5	114.5	103.0	36.7	20.5
2023	07:00 to 08:00	Light Commercial Vehicles	[note 1] [note 3]	Index number	194.6	212.6	211.8	207.2	188.1	65.7	34.6
2023	08:00 to 09:00	Light Commercial Vehicles	[note 1] [note 3]	Index number	208.8	225.2	225.2	223.4	205.9	99.5	54.6
2023	09:00 to 10:00	Light Commercial Vehicles	[note 1] [note 3]	Index number	166.6	175.6	176.1	176.0	171.1	130.6	88.8
2023	10:00 to 11:00	Light Commercial Vehicles	[note 1] [note 3]	Index number	153.5	154.0	155.9	158.7	167.9	152.0	120.0
2023	11:00 to 12:00	Light Commercial Vehicles	[note 1] [note 3]	Index number	156.9	155.7	158.2	161.8	179.3	163.5	139.1
2023	12:00 to 13:00	Light Commercial Vehicles	[note 1] [note 3]	Index number	158.1	157.7	161.4	165.8	187.2	163.4	145.5
2023	13:00 to 14:00	Light Commercial Vehicles	[note 1] [note 3]	Index number	157.8	159.9	164.8	168.4	191.6	153.6	140.6
2023	14:00 to 15:00	Light Commercial Vehicles	[note 1] [note 3]	Index number	168.9	174.5	179.8	183.7	205.4	143.2	133.0
2023	15:00 to 16:00	Light Commercial Vehicles	[note 1] [note 3]	Index number	195.6	207.0	212.0	214.5	225.7	135.2	129.1
2023	16:00 to 17:00	Light Commercial Vehicles	[note 1] [note 3]	Index number	209.1	225.4	228.0	228.7	217.1	131.0	124.8
2023	17:00 to 18:00	Light Commercial Vehicles	[note 1] [note 3]	Index number	185.7	202.0	203.6	205.4	186.9	121.7	110.6
2023	18:00 to 19:00	Light Commercial Vehicles	[note 1] [note 3]	Index number	129.2	142.4	146.1	151.1	143.5	102.5	94.2
2023	19:00 to 20:00	Light Commercial Vehicles	[note 1] [note 3]	Index number	85.0	92.3	96.6	103.0	101.8	78.1	76.8
2023	20:00 to 21:00	Light Commercial Vehicles	[note 1] [note 3]	Index number	56.3	60.8	63.8	68.7	68.1	56.3	56.5
2023	21:00 to 22:00	Light Commercial Vehicles	[note 1] [note 3]	Index number	38.8	41.8	44.3	48.3	48.2	43.0	38.6
2023	22:00 to 23:00	Light Commercial Vehicles	[note 1] [note 3]	Index number	25.1	28.2	30.8	33.4	36.8	36.6	25.6
2023	23:00 to 00:00	Light Commercial Vehicles	[note 1] [note 3]	Index number	15.0	16.8	18.2	20.4	26.3	29.4	16.5
2023	00:00 to 01:00	Heavy Goods Vehicles	[note 1] [note 4]	Index number	19.6	31.3	33.1	33.9	34.1	30.2	15.4
2023	01:00 to 02:00	Heavy Goods Vehicles	[note 1] [note 4]	Index number	19.3	30.3	32.1	33.0	33.4	28.5	13.6
2023	02:00 to 03:00	Heavy Goods Vehicles	[note 1] [note 4]	Index number	21.0	31.8	33.4	34.3	34.4	27.8	12.8
2023	03:00 to 04:00	Heavy Goods Vehicles	[note 1] [note 4]	Index number	27.6	38.3	39.9	40.7	40.3	29.9	13.7
2023	04:00 to 05:00	Heavy Goods Vehicles	[note 1] [note 4]	Index number	46.3	57.4	59.5	60.3	58.1	34.9	15.7
2023	05:00 to 06:00	Heavy Goods Vehicles	[note 1] [note 4]	Index number	84.6	96.5	99.1	100.1	94.8	43.4	19.6
2023	06:00 to 07:00	Heavy Goods Vehicles	[note 1] [note 4]	Index number	141.7	158.9	162.6	163.7	154.4	58.3	25.8
2023	07:00 to 08:00	Heavy Goods Vehicles	[note 1] [note 4]	Index number	182.5	202.2	205.4	208.1	201.0	73.1	33.2
2023	08:00 to 09:00	Heavy Goods Vehicles	[note 1] [note 4]	Index number	196.7	213.0	217.0	219.6	212.3	79.6	40.3
2023	09:00 to 10:00	Heavy Goods Vehicles	[note 1] [note 4]	Index number	201.4	220.2	223.8	225.1	214.5	81.1	45.1
2023	10:00 to 11:00	Heavy Goods Vehicles	[note 1] [note 4]	Index number	200.8	219.9	223.1	223.6	214.7	80.9	49.3
2023	11:00 to 12:00	Heavy Goods Vehicles	[note 1] [note 4]	Index number	202.3	221.4	224.4	225.3	216.3	79.3	53.1
2023	12:00 to 13:00	Heavy Goods Vehicles	[note 1] [note 4]	Index number	198.0	216.5	219.6	222.0	209.5	74.7	53.0
2023	13:00 to 14:00	Heavy Goods Vehicles	[note 1] [note 4]	Index number	196.5	216.9	220.4	222.2	203.6	69.0	51.7
2023	14:00 to 15:00	Heavy Goods Vehicles	[note 1] [note 4]	Index number	196.3	216.7	219.9	221.4	195.5	64.5	51.2
2023	15:00 to 16:00	Heavy Goods Vehicles	[note 1] [note 4]	Index number	186.0	203.2	205.5	206.5	176.1	60.1	50.8
2023	16:00 to 17:00	Heavy Goods Vehicles	[note 1] [note 4]	Index number	156.4	167.8	169.8	169.9	143.6	54.5	49.5
2023	17:00 to 18:00	Heavy Goods Vehicles	[note 1] [note 4]	Index number	116.6	124.6	125.9	126.8	109.6	48.5	47.1
2023	18:00 to 19:00	Heavy Goods Vehicles	[note 1] [note 4]	Index number	90.1	96.8	98.8	100.1	86.6	42.8	44.0
2023	19:00 to 20:00	Heavy Goods Vehicles	[note 1] [note 4]	Index number	70.3	75.7	77.5	78.9	70.0	35.6	39.4
2023	20:00 to 21:00	Heavy Goods Vehicles	[note 1] [note 4]	Index number	55.6	59.5	61.1	62.5	56.6	28.7	33.8
2023	21:00 to 22:00	Heavy Goods Vehicles	[note 1] [note 4]	Index number	45.3	47.9	49.2	50.4	45.9	23.6	28.0
2023	22:00 to 23:00	Heavy Goods Vehicles	[note 1] [note 4]	Index number	38.0	40.0	41.2	42.0	38.1	19.8	23.4
2023	23:00 to 00:00	Heavy Goods Vehicles	[note 1] [note 4]	Index number	33.8	35.9	36.9	37.2	33.3	17.6	21.0
2024	00:00 to 01:00	Cars and Taxis	[note 1]	Index number	12.4	10.1	10.9	11.3	12.9	20.9	25.4
2024	01:00 to 02:00	Cars and Taxis	[note 1]	Index number	7.4	6.0	6.2	6.4	7.4	12.2	14.7
2024	02:00 to 03:00	Cars and Taxis	[note 1]	Index number	5.6	4.8	4.9	5.1	5.8	8.5	10.0
2024	03:00 to 04:00	Cars and Taxis	[note 1]	Index number	6.5	5.6	5.6	5.8	6.5	7.6	8.1
2024	04:00 to 05:00	Cars and Taxis	[note 1]	Index number	11.6	10.5	10.3	10.4	11.0	8.9	8.1
2024	05:00 to 06:00	Cars and Taxis	[note 1]	Index number	35.0	35.3	35.0	34.3	32.4	18.0	13.6
2024	06:00 to 07:00	Cars and Taxis	[note 1]	Index number	80.2	86.0	85.4	83.4	74.5	32.8	23.5
2024	07:00 to 08:00	Cars and Taxis	[note 1]	Index number	151.7	165.8	165.3	161.8	143.3	58.3	38.0
2024	08:00 to 09:00	Cars and Taxis	[note 1]	Index number	173.7	188.0	189.0	187.3	172.1	101.3	61.4
2024	09:00 to 10:00	Cars and Taxis	[note 1]	Index number	134.5	139.7	140.9	141.6	143.5	144.8	107.5
2024	10:00 to 11:00	Cars and Taxis	[note 1]	Index number	137.7	130.8	131.9	136.0	151.5	179.0	152.8
2024	11:00 to 12:00	Cars and Taxis	[note 1]	Index number	146.2	135.5	136.6	141.4	163.6	195.8	177.9
2024	12:00 to 13:00	Cars and Taxis	[note 1]	Index number	152.2	142.6	144.5	149.3	175.7	199.7	190.2
2024	13:00 to 14:00	Cars and Taxis	[note 1]	Index number	151.2	143.7	144.9	150.2	178.0	190.6	183.9
2024	14:00 to 15:00	Cars and Taxis	[note 1]	Index number	160.2	156.4	158.1	162.8	189.9	178.5	174.7
2024	15:00 to 16:00	Cars and Taxis	[note 1]	Index number	180.1	181.6	183.5	188.1	210.5	169.0	169.6
2024	16:00 to 17:00	Cars and Taxis	[note 1]	Index number	199.5	207.4	209.3	211.1	217.8	166.6	163.8
2024	17:00 to 18:00	Cars and Taxis	[note 1]	Index number	201.3	213.9	216.8	216.6	210.0	159.2	143.9
2024	18:00 to 19:00	Cars and Taxis	[note 1]	Index number	147.0	159.3	163.8	167.5	170.9	134.5	122.8
2024	19:00 to 20:00	Cars and Taxis	[note 1]	Index number	102.2	108.1	113.0	119.1	125.6	103.2	100.2
2024	20:00 to 21:00	Cars and Taxis	[note 1]	Index number	71.9	75.1	79.0	84.5	88.3	77.3	76.1
2024	21:00 to 22:00	Cars and Taxis	[note 1]	Index number	52.8	56.0	58.9	63.0	66.0	61.1	53.4
2024	22:00 to 23:00	Cars and Taxis	[note 1]	Index number	34.8	39.5	41.6	44.5	52.1	51.4	36.9
2024	23:00 to 00:00	Cars and Taxis	[note 1]	Index number	18.6	20.5	22.1	24.6	35.0	38.4	21.7
2024	00:00 to 01:00	Light Commercial Vehicles	[note 1] [note 3]	Index number	10.5	9.4	10.1	10.6	12.4	16.9	20.4
2024	01:00 to 02:00	Light Commercial Vehicles	[note 1] [note 3]	Index number	7.1	6.7	6.9	7.3	8.4	10.7	12.5
2024	02:00 to 03:00	Light Commercial Vehicles	[note 1] [note 3]	Index number	6.1	5.8	6.1	6.4	7.2	8.1	8.9
2024	03:00 to 04:00	Light Commercial Vehicles	[note 1] [note 3]	Index number	7.8	7.2	7.2	7.5	8.3	7.6	7.6
2024	04:00 to 05:00	Light Commercial Vehicles	[note 1] [note 3]	Index number	15.3	13.6	13.1	13.4	13.7	9.5	8.1
2024	05:00 to 06:00	Light Commercial Vehicles	[note 1] [note 3]	Index number	44.2	42.0	41.3	40.7	37.8	18.1	12.4
2024	06:00 to 07:00	Light Commercial Vehicles	[note 1] [note 3]	Index number	111.5	116.4	116.2	113.7	102.4	36.2	21.0
2024	07:00 to 08:00	Light Commercial Vehicles	[note 1] [note 3]	Index number	192.5	208.8	209.7	205.0	185.7	64.7	35.1
2024	08:00 to 09:00	Light Commercial Vehicles	[note 1] [note 3]	Index number	208.5	223.3	224.2	221.9	203.7	99.4	56.7
2024	09:00 to 10:00	Light Commercial Vehicles	[note 1] [note 3]	Index number	166.6	173.4	173.3	174.1	170.9	131.0	91.6
2024	10:00 to 11:00	Light Commercial Vehicles	[note 1] [note 3]	Index number	154.8	153.0	153.8	157.2	167.9	152.5	122.6
2024	11:00 to 12:00	Light Commercial Vehicles	[note 1] [note 3]	Index number	158.3	155.5	156.5	160.5	178.7	164.4	142.5
2024	12:00 to 13:00	Light Commercial Vehicles	[note 1] [note 3]	Index number	160.2	157.9	159.5	165.7	188.3	165.2	149.4
2024	13:00 to 14:00	Light Commercial Vehicles	[note 1] [note 3]	Index number	159.3	160.2	162.6	168.0	192.1	155.3	143.4
2024	14:00 to 15:00	Light Commercial Vehicles	[note 1] [note 3]	Index number	171.9	175.2	178.4	184.0	205.8	144.3	135.9
2024	15:00 to 16:00	Light Commercial Vehicles	[note 1] [note 3]	Index number	199.9	207.9	211.7	215.9	227.0	135.9	131.7
2024	16:00 to 17:00	Light Commercial Vehicles	[note 1] [note 3]	Index number	210.7	222.9	226.2	228.0	217.1	132.2	126.1
2024	17:00 to 18:00	Light Commercial Vehicles	[note 1] [note 3]	Index number	185.5	199.3	202.0	203.3	186.8	122.6	111.2
2024	18:00 to 19:00	Light Commercial Vehicles	[note 1] [note 3]	Index number	127.9	140.2	145.0	148.9	142.9	102.3	95.2
2024	19:00 to 20:00	Light Commercial Vehicles	[note 1] [note 3]	Index number	84.7	90.8	95.6	101.2	101.0	77.6	76.7
2024	20:00 to 21:00	Light Commercial Vehicles	[note 1] [note 3]	Index number	56.2	58.9	62.8	67.8	67.1	56.1	56.4
2024	21:00 to 22:00	Light Commercial Vehicles	[note 1] [note 3]	Index number	38.4	41.0	43.6	47.8	48.0	43.8	38.9
2024	22:00 to 23:00	Light Commercial Vehicles	[note 1] [note 3]	Index number	25.4	28.4	30.6	33.1	36.4	37.1	26.7
2024	23:00 to 00:00	Light Commercial Vehicles	[note 1] [note 3]	Index number	15.3	16.6	18.1	20.3	26.0	29.2	16.8
2024	00:00 to 01:00	Heavy Goods Vehicles	[note 1] [note 4]	Index number	20.2	31.5	33.6	33.3	34.1	29.9	15.8
2024	01:00 to 02:00	Heavy Goods Vehicles	[note 1] [note 4]	Index number	19.8	30.6	32.2	32.4	33.1	28.2	14.0
2024	02:00 to 03:00	Heavy Goods Vehicles	[note 1] [note 4]	Index number	21.6	32.2	33.4	33.7	34.2	27.6	13.2
2024	03:00 to 04:00	Heavy Goods Vehicles	[note 1] [note 4]	Index number	28.0	38.6	39.6	40.1	40.2	29.7	13.8
2024	04:00 to 05:00	Heavy Goods Vehicles	[note 1] [note 4]	Index number	47.0	58.1	59.1	59.8	58.4	34.7	16.0
2024	05:00 to 06:00	Heavy Goods Vehicles	[note 1] [note 4]	Index number	86.2	97.7	99.2	100.0	95.6	43.5	20.0
2024	06:00 to 07:00	Heavy Goods Vehicles	[note 1] [note 4]	Index number	143.8	159.0	162.1	162.8	155.3	57.9	26.4
2024	07:00 to 08:00	Heavy Goods Vehicles	[note 1] [note 4]	Index number	183.3	200.4	204.3	206.4	200.7	72.7	34.1
2024	08:00 to 09:00	Heavy Goods Vehicles	[note 1] [note 4]	Index number	196.6	211.3	215.0	216.6	211.3	79.5	41.4
2024	09:00 to 10:00	Heavy Goods Vehicles	[note 1] [note 4]	Index number	203.0	219.4	222.1	222.8	214.5	81.5	46.4
2024	10:00 to 11:00	Heavy Goods Vehicles	[note 1] [note 4]	Index number	202.5	218.1	220.7	221.9	214.1	80.9	51.5
2024	11:00 to 12:00	Heavy Goods Vehicles	[note 1] [note 4]	Index number	204.3	219.9	221.9	224.2	215.3	79.5	55.0
2024	12:00 to 13:00	Heavy Goods Vehicles	[note 1] [note 4]	Index number	200.1	215.5	218.3	220.7	209.2	75.1	54.9
2024	13:00 to 14:00	Heavy Goods Vehicles	[note 1] [note 4]	Index number	198.0	215.0	218.2	220.3	203.1	69.7	53.8
2024	14:00 to 15:00	Heavy Goods Vehicles	[note 1] [note 4]	Index number	197.2	213.4	217.4	219.3	195.3	65.0	53.4
2024	15:00 to 16:00	Heavy Goods Vehicles	[note 1] [note 4]	Index number	186.2	198.9	202.3	203.0	175.6	60.4	53.0
2024	16:00 to 17:00	Heavy Goods Vehicles	[note 1] [note 4]	Index number	155.5	163.6	166.0	166.7	143.2	55.3	51.2
2024	17:00 to 18:00	Heavy Goods Vehicles	[note 1] [note 4]	Index number	116.6	121.9	123.5	124.8	109.4	49.6	48.9
2024	18:00 to 19:00	Heavy Goods Vehicles	[note 1] [note 4]	Index number	90.5	95.0	97.6	99.8	87.3	43.5	45.7
2024	19:00 to 20:00	Heavy Goods Vehicles	[note 1] [note 4]	Index number	70.1	73.8	76.5	78.5	70.2	36.0	40.9
2024	20:00 to 21:00	Heavy Goods Vehicles	[note 1] [note 4]	Index number	55.7	57.7	60.0	61.7	55.9	29.1	34.9
2024	21:00 to 22:00	Heavy Goods Vehicles	[note 1] [note 4]	Index number	45.0	46.3	48.0	49.6	45.2	24.0	29.0
2024	22:00 to 23:00	Heavy Goods Vehicles	[note 1] [note 4]	Index number	38.2	39.0	40.3	41.4	37.7	20.1	24.3
2024	23:00 to 00:00	Heavy Goods Vehicles	[note 1] [note 4]	Index number	34.0	34.9	36.1	36.8	32.8	17.7	21.9
